t_s,mem_available_kb,mem_total_kb,matching_rss_kb,n_matching,detail
0.0,7647332,8216340,45124,4,"7593:6244kB;7950:13944kB;7951:14480kB;7952:10456kB"
5.1,7148336,8216340,496564,3,"7950:187896kB;7951:298012kB;7952:10656kB"
10.1,6843240,8216340,801404,3,"7950:187896kB;7951:602852kB;7952:10656kB"
15.2,6537052,8216340,1138068,3,"7950:187896kB;7951:939516kB;7952:10656kB"
20.2,6428904,8216340,1243980,3,"7950:264920kB;7951:968404kB;7952:10656kB"
25.2,7081028,8216340,563200,3,"7950:233752kB;7951:318792kB;7952:10656kB"
30.2,6581376,8216340,1059284,3,"7950:233752kB;7951:814876kB;7952:10656kB"
35.2,6367692,8216340,1284956,3,"7950:233752kB;7951:1040544kB;7952:10660kB"
40.3,6334724,8216340,1308208,3,"7950:239084kB;7951:1058464kB;7952:10660kB"
45.3,7112204,8216340,541060,3,"7950:239084kB;7951:291312kB;7952:10664kB"
50.3,6777064,8216340,880472,3,"7950:239084kB;7951:630724kB;7952:10664kB"
55.4,6621824,8216340,1064168,3,"7950:74948kB;7951:978556kB;7952:10664kB"
60.4,6289792,8216340,1365832,3,"7950:244472kB;7951:1110696kB;7952:10664kB"
65.4,6289792,8216340,1365832,3,"7950:244472kB;7951:1110696kB;7952:10664kB"
70.4,6770880,8216340,682424,3,"7950:244472kB;7951:427288kB;7952:10664kB"
75.5,6582384,8216340,1079600,3,"7950:244472kB;7951:824464kB;7952:10664kB"
80.5,6342712,8216340,1309044,3,"7950:250052kB;7951:1048328kB;7952:10664kB"
85.5,5941036,8216340,1712512,3,"7950:250052kB;7951:1451796kB;7952:10664kB"
90.5,5651100,8216340,1754468,3,"7950:250052kB;7951:1493752kB;7952:10664kB"
95.5,5698836,8216340,1754468,3,"7950:250052kB;7951:1493752kB;7952:10664kB"
100.6,7040416,8216340,631656,3,"7950:254300kB;7951:366692kB;7952:10664kB"
105.6,6708212,8216340,969064,3,"7950:255840kB;7951:702560kB;7952:10664kB"
110.6,6403612,8216340,1258176,3,"7950:255840kB;7951:991672kB;7952:10664kB"
115.6,6146000,8216340,1519308,3,"7950:255840kB;7951:1252804kB;7952:10664kB"
120.7,5663696,8216340,1779676,3,"7950:255840kB;7951:1513172kB;7952:10664kB"
125.7,5766460,8216340,1739400,3,"7950:176276kB;7951:1552460kB;7952:10664kB"
130.7,5710104,8216340,1824964,3,"7950:261840kB;7951:1552460kB;7952:10664kB"
135.7,6891740,8216340,706748,3,"7950:261840kB;7951:434244kB;7952:10664kB"
140.7,6552300,8216340,1125996,3,"7950:261840kB;7951:853492kB;7952:10664kB"
145.8,6339400,8216340,1327800,3,"7950:261840kB;7951:1055296kB;7952:10664kB"
150.8,5958636,8216340,1707344,3,"7950:261840kB;7951:1434840kB;7952:10664kB"
155.8,5608020,8216340,1878812,3,"7950:253520kB;7951:1614628kB;7952:10664kB"
160.8,5632648,8216340,1893364,3,"7950:268068kB;7951:1614628kB;7952:10668kB"
165.8,5672756,8216340,1893364,3,"7950:268068kB;7951:1614628kB;7952:10668kB"
170.9,6870624,8216340,755004,3,"7950:268068kB;7951:476268kB;7952:10668kB"
175.9,6576768,8216340,1080868,3,"7950:268068kB;7951:802132kB;7952:10668kB"
180.9,6361392,8216340,1309192,3,"7950:268068kB;7951:1030456kB;7952:10668kB"
186.0,5862312,8216340,1824140,3,"7950:169116kB;7951:1644356kB;7952:10668kB"
191.0,5609056,8216340,1966584,3,"7950:275520kB;7951:1680396kB;7952:10668kB"
196.0,5625124,8216340,1966584,3,"7950:275520kB;7951:1680396kB;7952:10668kB"
201.0,5673256,8216340,1966584,3,"7950:275520kB;7951:1680396kB;7952:10668kB"
206.0,7233628,8216340,448768,3,"7950:275520kB;7951:162576kB;7952:10672kB"
211.1,7233628,8216340,448768,3,"7950:275520kB;7951:162576kB;7952:10672kB"
216.1,7240664,8216340,411120,3,"7950:237872kB;7951:162576kB;7952:10672kB"
221.1,7230836,8216340,455372,3,"7950:282124kB;7951:162576kB;7952:10672kB"
226.1,7230836,8216340,455372,3,"7950:282124kB;7951:162576kB;7952:10672kB"
231.1,7230836,8216340,455372,3,"7950:282124kB;7951:162576kB;7952:10672kB"
236.1,7230836,8216340,455376,3,"7950:282124kB;7951:162576kB;7952:10676kB"
241.2,7230836,8216340,455376,3,"7950:282124kB;7951:162576kB;7952:10676kB"
246.2,7244596,8216340,437948,3,"7950:264696kB;7951:162576kB;7952:10676kB"
251.2,7228024,8216340,461368,3,"7950:288116kB;7951:162576kB;7952:10676kB"
256.2,7227964,8216340,461372,3,"7950:288116kB;7951:162576kB;7952:10680kB"
261.2,7227964,8216340,461372,3,"7950:288116kB;7951:162576kB;7952:10680kB"
266.2,7227964,8216340,461372,3,"7950:288116kB;7951:162576kB;7952:10680kB"
271.3,7227968,8216340,461372,3,"7950:288116kB;7951:162576kB;7952:10680kB"
276.3,7226708,8216340,461372,3,"7950:288116kB;7951:162576kB;7952:10680kB"
281.3,7223352,8216340,468488,3,"7950:295232kB;7951:162576kB;7952:10680kB"
286.3,7221840,8216340,468488,3,"7950:295232kB;7951:162576kB;7952:10680kB"
291.3,7221840,8216340,468492,3,"7950:295232kB;7951:162576kB;7952:10684kB"
296.3,7221840,8216340,468492,3,"7950:295232kB;7951:162576kB;7952:10684kB"
301.4,7221840,8216340,468492,3,"7950:295232kB;7951:162576kB;7952:10684kB"
306.4,7221084,8216340,468492,3,"7950:295232kB;7951:162576kB;7952:10684kB"
311.4,7444364,8216340,237016,3,"7950:63756kB;7951:162576kB;7952:10684kB"
316.4,7204248,8216340,475884,3,"7950:302624kB;7951:162576kB;7952:10684kB"
321.4,7204248,8216340,475884,3,"7950:302624kB;7951:162576kB;7952:10684kB"
326.4,7203996,8216340,475884,3,"7950:302624kB;7951:162576kB;7952:10684kB"
331.5,7203996,8216340,475884,3,"7950:302624kB;7951:162576kB;7952:10684kB"
336.5,7200788,8216340,479828,3,"7950:302624kB;7951:166520kB;7952:10684kB"
341.5,7200536,8216340,479828,3,"7950:302624kB;7951:166520kB;7952:10684kB"
346.5,7196504,8216340,479828,3,"7950:302624kB;7951:166520kB;7952:10684kB"
351.5,7186392,8216340,487480,3,"7950:310276kB;7951:166520kB;7952:10684kB"
356.5,7185812,8216340,487480,3,"7950:310276kB;7951:166520kB;7952:10684kB"
361.6,7187220,8216340,487480,3,"7950:310276kB;7951:166520kB;7952:10684kB"
366.6,7186464,8216340,487484,3,"7950:310276kB;7951:166520kB;7952:10688kB"
371.6,7186464,8216340,487484,3,"7950:310276kB;7951:166520kB;7952:10688kB"
376.6,7186464,8216340,487484,3,"7950:310276kB;7951:166520kB;7952:10688kB"
381.6,7186464,8216340,487484,3,"7950:310276kB;7951:166520kB;7952:10688kB"
386.6,7427976,8216340,239140,3,"7950:61932kB;7951:166520kB;7952:10688kB"
391.7,7178784,8216340,495380,3,"7950:318172kB;7951:166520kB;7952:10688kB"
396.7,7178784,8216340,495380,3,"7950:318172kB;7951:166520kB;7952:10688kB"
401.7,7178784,8216340,495380,3,"7950:318172kB;7951:166520kB;7952:10688kB"
406.7,7178784,8216340,495380,3,"7950:318172kB;7951:166520kB;7952:10688kB"
411.7,7178532,8216340,495380,3,"7950:318172kB;7951:166520kB;7952:10688kB"
416.7,7178532,8216340,495380,3,"7950:318172kB;7951:166520kB;7952:10688kB"
421.8,7178532,8216340,495380,3,"7950:318172kB;7951:166520kB;7952:10688kB"
426.8,7178532,8216340,495380,3,"7950:318172kB;7951:166520kB;7952:10688kB"
431.8,7003412,8216340,585460,3,"7950:408252kB;7951:166520kB;7952:10688kB"
436.8,7003304,8216340,585464,3,"7950:408252kB;7951:166520kB;7952:10692kB"
441.8,7013588,8216340,585464,3,"7950:408252kB;7951:166520kB;7952:10692kB"
446.8,7058316,8216340,585464,3,"7950:408252kB;7951:166520kB;7952:10692kB"
451.8,7074536,8216340,585464,3,"7950:408252kB;7951:166520kB;7952:10692kB"
456.9,7074808,8216340,585464,3,"7950:408252kB;7951:166520kB;7952:10692kB"
461.9,7074808,8216340,585464,3,"7950:408252kB;7951:166520kB;7952:10692kB"
466.9,7074808,8216340,585464,3,"7950:408252kB;7951:166520kB;7952:10692kB"
471.9,7015004,8216340,590340,3,"7950:413128kB;7951:166520kB;7952:10692kB"
476.9,7028744,8216340,598008,3,"7950:416680kB;7951:170636kB;7952:10692kB"
481.9,7028632,8216340,598008,3,"7950:416680kB;7951:170636kB;7952:10692kB"
486.9,7071500,8216340,598008,3,"7950:416680kB;7951:170636kB;7952:10692kB"
492.0,7079240,8216340,598008,3,"7950:416680kB;7951:170636kB;7952:10692kB"
497.0,7077728,8216340,598008,3,"7950:416680kB;7951:170636kB;7952:10692kB"
502.0,7077508,8216340,598008,3,"7950:416680kB;7951:170636kB;7952:10692kB"
507.0,7077508,8216340,598008,3,"7950:416680kB;7951:170636kB;7952:10692kB"
512.0,7077508,8216340,598008,3,"7950:416680kB;7951:170636kB;7952:10692kB"
517.1,6999984,8216340,589712,3,"7950:408384kB;7951:170636kB;7952:10692kB"
522.1,6999984,8216340,606708,3,"7950:425380kB;7951:170636kB;7952:10692kB"
527.1,7002188,8216340,606708,3,"7950:425380kB;7951:170636kB;7952:10692kB"
532.1,7037464,8216340,606708,3,"7950:425380kB;7951:170636kB;7952:10692kB"
537.1,7053728,8216340,606708,3,"7950:425380kB;7951:170636kB;7952:10692kB"
542.1,7053728,8216340,606708,3,"7950:425380kB;7951:170636kB;7952:10692kB"
547.2,7055904,8216340,606712,3,"7950:425380kB;7951:170636kB;7952:10696kB"
552.2,7055908,8216340,606712,3,"7950:425380kB;7951:170636kB;7952:10696kB"
557.2,7055908,8216340,606712,3,"7950:425380kB;7951:170636kB;7952:10696kB"
562.2,7055908,8216340,606712,3,"7950:425380kB;7951:170636kB;7952:10696kB"
567.2,6997028,8216340,615692,3,"7950:434360kB;7951:170636kB;7952:10696kB"
572.3,6997028,8216340,615692,3,"7950:434360kB;7951:170636kB;7952:10696kB"
577.3,6997028,8216340,615692,3,"7950:434360kB;7951:170636kB;7952:10696kB"
582.3,7033140,8216340,615692,3,"7950:434360kB;7951:170636kB;7952:10696kB"
587.3,7041244,8216340,615692,3,"7950:434360kB;7951:170636kB;7952:10696kB"
592.3,7045000,8216340,615692,3,"7950:434360kB;7951:170636kB;7952:10696kB"
597.3,7047000,8216340,615692,3,"7950:434360kB;7951:170636kB;7952:10696kB"
602.4,7049620,8216340,615692,3,"7950:434360kB;7951:170636kB;7952:10696kB"
607.4,7049620,8216340,615692,3,"7950:434360kB;7951:170636kB;7952:10696kB"
612.6,7050432,8216340,615692,3,"7950:434360kB;7951:170636kB;7952:10696kB"
617.6,7304504,8216340,364088,3,"7950:182756kB;7951:170636kB;7952:10696kB"
622.7,6999272,8216340,624960,3,"7950:443628kB;7951:170636kB;7952:10696kB"
627.7,6999272,8216340,624960,3,"7950:443628kB;7951:170636kB;7952:10696kB"
632.7,7003144,8216340,624960,3,"7950:443628kB;7951:170636kB;7952:10696kB"
637.7,7031164,8216340,624960,3,"7950:443628kB;7951:170636kB;7952:10696kB"
642.7,7085652,8216340,557024,3,"7950:443628kB;7951:102700kB;7952:10696kB"
647.8,7039484,8216340,629244,3,"7950:443628kB;7951:174920kB;7952:10696kB"
652.8,7039484,8216340,629244,3,"7950:443628kB;7951:174920kB;7952:10696kB"
657.8,7039484,8216340,629244,3,"7950:443628kB;7951:174920kB;7952:10696kB"
662.8,7039484,8216340,629244,3,"7950:443628kB;7951:174920kB;7952:10696kB"
667.8,7039484,8216340,629244,3,"7950:443628kB;7951:174920kB;7952:10696kB"
672.8,7039484,8216340,629248,3,"7950:443628kB;7951:174920kB;7952:10700kB"
677.9,7029560,8216340,647052,3,"7950:461432kB;7951:174920kB;7952:10700kB"
682.9,7005328,8216340,638804,3,"7950:453184kB;7951:174920kB;7952:10700kB"
687.9,7005328,8216340,638804,3,"7950:453184kB;7951:174920kB;7952:10700kB"
692.9,7013828,8216340,638804,3,"7950:453184kB;7951:174920kB;7952:10700kB"
697.9,7020572,8216340,638804,3,"7950:453184kB;7951:174920kB;7952:10700kB"
702.9,7020572,8216340,638804,3,"7950:453184kB;7951:174920kB;7952:10700kB"
708.0,7022264,8216340,638804,3,"7950:453184kB;7951:174920kB;7952:10700kB"
713.0,7022264,8216340,638804,3,"7950:453184kB;7951:174920kB;7952:10700kB"
718.0,7027124,8216340,638804,3,"7950:453184kB;7951:174920kB;7952:10700kB"
723.0,7027124,8216340,638804,3,"7950:453184kB;7951:174920kB;7952:10700kB"
728.0,7027124,8216340,638804,3,"7950:453184kB;7951:174920kB;7952:10700kB"
733.0,7027124,8216340,638804,3,"7950:453184kB;7951:174920kB;7952:10700kB"
738.1,7058044,8216340,616772,3,"7950:431152kB;7951:174920kB;7952:10700kB"
743.1,6993768,8216340,648664,3,"7950:463044kB;7951:174920kB;7952:10700kB"
748.1,6993768,8216340,648664,3,"7950:463044kB;7951:174920kB;7952:10700kB"
753.1,6993768,8216340,648664,3,"7950:463044kB;7951:174920kB;7952:10700kB"
758.1,7008548,8216340,648664,3,"7950:463044kB;7951:174920kB;7952:10700kB"
763.1,7008548,8216340,648664,3,"7950:463044kB;7951:174920kB;7952:10700kB"
768.2,7008688,8216340,648664,3,"7950:463044kB;7951:174920kB;7952:10700kB"
773.2,7008688,8216340,648664,3,"7950:463044kB;7951:174920kB;7952:10700kB"
778.2,7012200,8216340,648664,3,"7950:463044kB;7951:174920kB;7952:10700kB"
783.2,7012200,8216340,648664,3,"7950:463044kB;7951:174920kB;7952:10700kB"
788.2,7012200,8216340,648664,3,"7950:463044kB;7951:174920kB;7952:10700kB"
793.2,7012204,8216340,648664,3,"7950:463044kB;7951:174920kB;7952:10700kB"
798.3,7012204,8216340,648664,3,"7950:463044kB;7951:174920kB;7952:10700kB"
803.3,6992616,8216340,654816,3,"7950:469192kB;7951:174920kB;7952:10704kB"
808.3,6995748,8216340,658824,3,"7950:473200kB;7951:174920kB;7952:10704kB"
813.3,7007352,8216340,663284,3,"7950:473200kB;7951:179380kB;7952:10704kB"
818.3,7007352,8216340,663284,3,"7950:473200kB;7951:179380kB;7952:10704kB"
823.3,7008496,8216340,663284,3,"7950:473200kB;7951:179380kB;7952:10704kB"
828.3,7008500,8216340,663284,3,"7950:473200kB;7951:179380kB;7952:10704kB"
833.4,7008500,8216340,663284,3,"7950:473200kB;7951:179380kB;7952:10704kB"
838.4,7008500,8216340,663284,3,"7950:473200kB;7951:179380kB;7952:10704kB"
843.4,7008500,8216340,663284,3,"7950:473200kB;7951:179380kB;7952:10704kB"
848.4,7008500,8216340,663284,3,"7950:473200kB;7951:179380kB;7952:10704kB"
853.4,7008500,8216340,663284,3,"7950:473200kB;7951:179380kB;7952:10704kB"
858.5,7008500,8216340,663284,3,"7950:473200kB;7951:179380kB;7952:10704kB"
863.5,7008500,8216340,663284,3,"7950:473200kB;7951:179380kB;7952:10704kB"
868.5,7201936,8216340,477448,3,"7950:287364kB;7951:179380kB;7952:10704kB"
873.5,7001244,8216340,673760,3,"7950:483676kB;7951:179380kB;7952:10704kB"
878.5,7001244,8216340,673760,3,"7950:483676kB;7951:179380kB;7952:10704kB"
883.5,7001244,8216340,673760,3,"7950:483676kB;7951:179380kB;7952:10704kB"
888.6,7001244,8216340,673760,3,"7950:483676kB;7951:179380kB;7952:10704kB"
893.6,7001244,8216340,673760,3,"7950:483676kB;7951:179380kB;7952:10704kB"
898.6,7001244,8216340,673760,3,"7950:483676kB;7951:179380kB;7952:10704kB"
903.6,7001244,8216340,673760,3,"7950:483676kB;7951:179380kB;7952:10704kB"
908.6,7001244,8216340,673760,3,"7950:483676kB;7951:179380kB;7952:10704kB"
913.7,7001244,8216340,673760,3,"7950:483676kB;7951:179380kB;7952:10704kB"
918.7,7001244,8216340,673760,3,"7950:483676kB;7951:179380kB;7952:10704kB"
923.7,7001244,8216340,673760,3,"7950:483676kB;7951:179380kB;7952:10704kB"
928.7,7001244,8216340,673760,3,"7950:483676kB;7951:179380kB;7952:10704kB"
933.7,7001244,8216340,673760,3,"7950:483676kB;7951:179380kB;7952:10704kB"
938.7,7007224,8216340,614872,3,"7950:424788kB;7951:179380kB;7952:10704kB"
943.8,6991296,8216340,684552,3,"7950:494468kB;7951:179380kB;7952:10704kB"
948.8,6985752,8216340,684556,3,"7950:494468kB;7951:179380kB;7952:10708kB"
953.8,6985752,8216340,684556,3,"7950:494468kB;7951:179380kB;7952:10708kB"
958.8,6984744,8216340,684556,3,"7950:494468kB;7951:179380kB;7952:10708kB"
963.9,6984744,8216340,684556,3,"7950:494468kB;7951:179380kB;7952:10708kB"
968.9,6984744,8216340,684556,3,"7950:494468kB;7951:179380kB;7952:10708kB"
973.9,6984744,8216340,684556,3,"7950:494468kB;7951:179380kB;7952:10708kB"
978.9,6982980,8216340,684556,3,"7950:494468kB;7951:179380kB;7952:10708kB"
984.0,6982476,8216340,684556,3,"7950:494468kB;7951:179380kB;7952:10708kB"
989.0,6982476,8216340,684556,3,"7950:494468kB;7951:179380kB;7952:10708kB"
994.0,6982476,8216340,684556,3,"7950:494468kB;7951:179380kB;7952:10708kB"
999.0,6979108,8216340,684556,3,"7950:494468kB;7951:179380kB;7952:10708kB"
1004.0,6979108,8216340,684556,3,"7950:494468kB;7951:179380kB;7952:10708kB"
1009.0,6984792,8216340,689192,3,"7950:494468kB;7951:184016kB;7952:10708kB"
1014.1,7199048,8216340,479736,3,"7950:285012kB;7951:184016kB;7952:10708kB"
1019.1,6980756,8216340,700308,3,"7950:505584kB;7951:184016kB;7952:10708kB"
1024.1,6980756,8216340,700308,3,"7950:505584kB;7951:184016kB;7952:10708kB"
1029.1,6980756,8216340,700308,3,"7950:505584kB;7951:184016kB;7952:10708kB"
1034.1,6980756,8216340,700308,3,"7950:505584kB;7951:184016kB;7952:10708kB"
1039.1,6980756,8216340,700308,3,"7950:505584kB;7951:184016kB;7952:10708kB"
1044.1,6976976,8216340,700308,3,"7950:505584kB;7951:184016kB;7952:10708kB"
1049.2,6976976,8216340,700308,3,"7950:505584kB;7951:184016kB;7952:10708kB"
1054.2,6975464,8216340,700308,3,"7950:505584kB;7951:184016kB;7952:10708kB"
1059.2,6974456,8216340,700312,3,"7950:505584kB;7951:184016kB;7952:10712kB"
1064.3,6972440,8216340,700312,3,"7950:505584kB;7951:184016kB;7952:10712kB"
1069.3,6971684,8216340,700312,3,"7950:505584kB;7951:184016kB;7952:10712kB"
1074.3,6970676,8216340,700312,3,"7950:505584kB;7951:184016kB;7952:10712kB"
1079.3,6968660,8216340,700312,3,"7950:505584kB;7951:184016kB;7952:10712kB"
1084.4,6968408,8216340,700312,3,"7950:505584kB;7951:184016kB;7952:10712kB"
1089.4,6967148,8216340,700312,3,"7950:505584kB;7951:184016kB;7952:10712kB"
1094.4,7338600,8216340,346476,3,"7950:151748kB;7951:184016kB;7952:10712kB"
1099.4,6974624,8216340,700420,3,"7950:505692kB;7951:184016kB;7952:10712kB"
1104.4,6962608,8216340,711748,3,"7950:517020kB;7951:184016kB;7952:10712kB"
1109.5,6962528,8216340,711748,3,"7950:517020kB;7951:184016kB;7952:10712kB"
1114.5,6960092,8216340,711748,3,"7950:517020kB;7951:184016kB;7952:10712kB"
1119.5,6960008,8216340,711748,3,"7950:517020kB;7951:184016kB;7952:10712kB"
1124.5,6960008,8216340,711748,3,"7950:517020kB;7951:184016kB;7952:10712kB"
1129.5,6959252,8216340,711748,3,"7950:517020kB;7951:184016kB;7952:10712kB"
1134.5,6959252,8216340,711748,3,"7950:517020kB;7951:184016kB;7952:10712kB"
1139.6,6959000,8216340,711748,3,"7950:517020kB;7951:184016kB;7952:10712kB"
1144.6,6959000,8216340,711748,3,"7950:517020kB;7951:184016kB;7952:10712kB"
1149.6,6959000,8216340,711748,3,"7950:517020kB;7951:184016kB;7952:10712kB"
1154.6,6959000,8216340,711748,3,"7950:517020kB;7951:184016kB;7952:10712kB"
1159.6,6957236,8216340,711748,3,"7950:517020kB;7951:184016kB;7952:10712kB"
1164.6,6956288,8216340,711748,3,"7950:517020kB;7951:184016kB;7952:10712kB"
1169.7,6946792,8216340,711748,3,"7950:517020kB;7951:184016kB;7952:10712kB"
1174.7,6949812,8216340,711748,3,"7950:517020kB;7951:184016kB;7952:10712kB"
1179.7,6951748,8216340,711748,3,"7950:517020kB;7951:184016kB;7952:10712kB"
1184.7,6951520,8216340,711752,3,"7950:517020kB;7951:184016kB;7952:10716kB"
1189.7,6951404,8216340,711752,3,"7950:517020kB;7951:184016kB;7952:10716kB"
1194.7,7293304,8216340,373260,3,"7950:178528kB;7951:184016kB;7952:10716kB"
1199.8,6940492,8216340,723528,3,"7950:528796kB;7951:184016kB;7952:10716kB"
1204.8,6941448,8216340,723528,3,"7950:528796kB;7951:184016kB;7952:10716kB"
1209.8,6941448,8216340,723528,3,"7950:528796kB;7951:184016kB;7952:10716kB"
1214.8,6941448,8216340,723528,3,"7950:528796kB;7951:184016kB;7952:10716kB"
1219.8,6941448,8216340,723528,3,"7950:528796kB;7951:184016kB;7952:10716kB"
1224.9,6941448,8216340,723528,3,"7950:528796kB;7951:184016kB;7952:10716kB"
1229.9,6809572,8216340,868852,3,"7950:528796kB;7951:329340kB;7952:10716kB"
1234.9,6533464,8216340,1145708,3,"7950:528796kB;7951:606196kB;7952:10716kB"
1239.9,6143096,8216340,1537448,3,"7950:528796kB;7951:997936kB;7952:10716kB"
1245.0,6006424,8216340,1677828,3,"7950:528796kB;7951:1138316kB;7952:10716kB"
1250.0,5919988,8216340,1762352,3,"7950:528796kB;7951:1222840kB;7952:10716kB"
1255.0,5916208,8216340,1762352,3,"7950:528796kB;7951:1222840kB;7952:10716kB"
1260.1,6780896,8216340,906380,3,"7950:528796kB;7951:366868kB;7952:10716kB"
1265.6,6707060,8216340,980936,3,"7950:528796kB;7951:441424kB;7952:10716kB"
1270.7,6532024,8216340,1151844,3,"7950:528796kB;7951:612332kB;7952:10716kB"
1275.7,6138864,8216340,1405056,3,"7950:528796kB;7951:865544kB;7952:10716kB"
1280.7,5995012,8216340,1682620,3,"7950:528796kB;7951:1143108kB;7952:10716kB"
1285.8,5518808,8216340,2154856,3,"7950:280872kB;7951:1863268kB;7952:10716kB"
1290.8,5571836,8216340,1940996,3,"7950:305756kB;7951:1624524kB;7952:10716kB"
1295.8,5611148,8216340,1940996,3,"7950:305756kB;7951:1624524kB;7952:10716kB"
1300.8,7114928,8216340,476172,3,"7950:305756kB;7951:159700kB;7952:10716kB"
1305.8,6794728,8216340,879340,3,"7950:267428kB;7951:601196kB;7952:10716kB"
1310.9,6340588,8216340,1215304,3,"7950:323316kB;7951:881272kB;7952:10716kB"
1315.9,6180556,8216340,1494192,3,"7950:323316kB;7951:1160156kB;7952:10720kB"
1320.9,5787396,8216340,1881024,3,"7950:323316kB;7951:1546988kB;7952:10720kB"
1325.9,5738308,8216340,1809848,3,"7950:72936kB;7951:1726192kB;7952:10720kB"
1331.0,5315056,8216340,2227560,3,"7950:424200kB;7951:1792640kB;7952:10720kB"
1336.0,5327024,8216340,2227560,3,"7950:424200kB;7951:1792640kB;7952:10720kB"
1341.0,6998980,8216340,613416,3,"7950:424200kB;7951:178496kB;7952:10720kB"
1346.0,6929444,8216340,673112,3,"7950:424200kB;7951:238192kB;7952:10720kB"
1351.0,7295552,8216340,344672,3,"7950:95760kB;7951:238192kB;7952:10720kB"
1356.1,6914944,8216340,693564,3,"7950:444652kB;7951:238192kB;7952:10720kB"
1361.1,6915720,8216340,693564,3,"7950:444652kB;7951:238192kB;7952:10720kB"
1366.1,6921848,8216340,693564,3,"7950:444652kB;7951:238192kB;7952:10720kB"
1371.1,6952316,8216340,693564,3,"7950:444652kB;7951:238192kB;7952:10720kB"
1376.1,6959812,8216340,693564,3,"7950:444652kB;7951:238192kB;7952:10720kB"
1381.1,6902872,8216340,730648,3,"7950:481736kB;7951:238192kB;7952:10720kB"
1386.2,6902872,8216340,730648,3,"7950:481736kB;7951:238192kB;7952:10720kB"
1391.2,6902872,8216340,730648,3,"7950:481736kB;7951:238192kB;7952:10720kB"
1396.2,6910736,8216340,730648,3,"7950:481736kB;7951:238192kB;7952:10720kB"
1401.2,6922384,8216340,730648,3,"7950:481736kB;7951:238192kB;7952:10720kB"
1406.2,6927732,8216340,730648,3,"7950:481736kB;7951:238192kB;7952:10720kB"
1411.2,6908476,8216340,753724,3,"7950:504812kB;7951:238192kB;7952:10720kB"
1416.3,6908476,8216340,753724,3,"7950:504812kB;7951:238192kB;7952:10720kB"
1421.3,6908476,8216340,753724,3,"7950:504812kB;7951:238192kB;7952:10720kB"
1426.3,6908476,8216340,753724,3,"7950:504812kB;7951:238192kB;7952:10720kB"
1431.3,6908476,8216340,753724,3,"7950:504812kB;7951:238192kB;7952:10720kB"
1436.4,7120808,8216340,533448,3,"7950:504812kB;7951:17916kB;7952:10720kB"
1441.4,7094176,8216340,556456,3,"7950:251532kB;7951:294204kB;7952:10720kB"
1446.4,6842116,8216340,835364,3,"7950:530440kB;7951:294204kB;7952:10720kB"
1451.4,6842116,8216340,835364,3,"7950:530440kB;7951:294204kB;7952:10720kB"
1456.4,6838336,8216340,835364,3,"7950:530440kB;7951:294204kB;7952:10720kB"
1461.4,6838336,8216340,835368,3,"7950:530440kB;7951:294204kB;7952:10724kB"
1466.4,6837580,8216340,835368,3,"7950:530440kB;7951:294204kB;7952:10724kB"
1471.5,6836320,8216340,835368,3,"7950:530440kB;7951:294204kB;7952:10724kB"
1476.5,6836320,8216340,835368,3,"7950:530440kB;7951:294204kB;7952:10724kB"
1481.5,6846688,8216340,785540,3,"7950:480612kB;7951:294204kB;7952:10724kB"
1486.5,6798808,8216340,863548,3,"7950:558620kB;7951:294204kB;7952:10724kB"
1491.7,6798808,8216340,863548,3,"7950:558620kB;7951:294204kB;7952:10724kB"
1496.7,6798052,8216340,863548,3,"7950:558620kB;7951:294204kB;7952:10724kB"
1501.7,6797296,8216340,863548,3,"7950:558620kB;7951:294204kB;7952:10724kB"
1506.8,6797044,8216340,863548,3,"7950:558620kB;7951:294204kB;7952:10724kB"
1511.8,6794524,8216340,863548,3,"7950:558620kB;7951:294204kB;7952:10724kB"
1516.8,6794524,8216340,863548,3,"7950:558620kB;7951:294204kB;7952:10724kB"
1521.8,6797788,8216340,863548,3,"7950:558620kB;7951:294204kB;7952:10724kB"
1526.8,6841356,8216340,824636,3,"7950:519708kB;7951:294204kB;7952:10724kB"
1531.8,6772276,8216340,889504,3,"7950:584576kB;7951:294204kB;7952:10724kB"
1536.9,6773088,8216340,889504,3,"7950:584576kB;7951:294204kB;7952:10724kB"
1541.9,6778440,8216340,889504,3,"7950:584576kB;7951:294204kB;7952:10724kB"
1547.0,6778440,8216340,889504,3,"7950:584576kB;7951:294204kB;7952:10724kB"
1552.0,6779620,8216340,889504,3,"7950:584576kB;7951:294204kB;7952:10724kB"
1557.0,6779368,8216340,889504,3,"7950:584576kB;7951:294204kB;7952:10724kB"
1562.0,6778196,8216340,906120,3,"7950:584576kB;7951:310820kB;7952:10724kB"
1567.0,6777188,8216340,906120,3,"7950:584576kB;7951:310820kB;7952:10724kB"
1572.0,6775676,8216340,906124,3,"7950:584576kB;7951:310820kB;7952:10728kB"
1577.1,6820052,8216340,856744,3,"7950:535196kB;7951:310820kB;7952:10728kB"
1582.1,6739440,8216340,937780,3,"7950:616232kB;7951:310820kB;7952:10728kB"
1587.1,6739440,8216340,937780,3,"7950:616232kB;7951:310820kB;7952:10728kB"
1592.1,6739440,8216340,937780,3,"7950:616232kB;7951:310820kB;7952:10728kB"
1597.1,6739440,8216340,937780,3,"7950:616232kB;7951:310820kB;7952:10728kB"
1602.1,6739440,8216340,937780,3,"7950:616232kB;7951:310820kB;7952:10728kB"
1607.2,6739440,8216340,937780,3,"7950:616232kB;7951:310820kB;7952:10728kB"
1612.2,6739440,8216340,937780,3,"7950:616232kB;7951:310820kB;7952:10728kB"
1617.2,6739440,8216340,937780,3,"7950:616232kB;7951:310820kB;7952:10728kB"
1622.2,6739440,8216340,937780,3,"7950:616232kB;7951:310820kB;7952:10728kB"
1627.2,6739440,8216340,937780,3,"7950:616232kB;7951:310820kB;7952:10728kB"
1632.2,6840032,8216340,808000,3,"7950:486452kB;7951:310820kB;7952:10728kB"
1637.3,6429280,8216340,1237932,3,"7950:916384kB;7951:310820kB;7952:10728kB"
1642.3,6389960,8216340,1135524,3,"7950:813976kB;7951:310820kB;7952:10728kB"
1647.3,6432128,8216340,1135524,3,"7950:813976kB;7951:310820kB;7952:10728kB"
1652.3,6488212,8216340,1135524,3,"7950:813976kB;7951:310820kB;7952:10728kB"
1657.3,6514384,8216340,1135524,3,"7950:813976kB;7951:310820kB;7952:10728kB"
1662.3,6516768,8216340,1135524,3,"7950:813976kB;7951:310820kB;7952:10728kB"
1667.4,6519200,8216340,1135524,3,"7950:813976kB;7951:310820kB;7952:10728kB"
1672.4,6518948,8216340,1135524,3,"7950:813976kB;7951:310820kB;7952:10728kB"
1677.4,6522004,8216340,1135524,3,"7950:813976kB;7951:310820kB;7952:10728kB"
1682.4,6522004,8216340,1135524,3,"7950:813976kB;7951:310820kB;7952:10728kB"
1687.4,7063260,8216340,625140,3,"7950:303592kB;7951:310820kB;7952:10728kB"
1692.5,6579740,8216340,1102756,3,"7950:763244kB;7951:328784kB;7952:10728kB"
1697.5,6388864,8216340,1189916,3,"7950:850400kB;7951:328784kB;7952:10732kB"
1702.5,6401000,8216340,1189916,3,"7950:850400kB;7951:328784kB;7952:10732kB"
1707.5,6441316,8216340,1189916,3,"7950:850400kB;7951:328784kB;7952:10732kB"
1712.6,6471276,8216340,1189916,3,"7950:850400kB;7951:328784kB;7952:10732kB"
1717.6,6478520,8216340,1189916,3,"7950:850400kB;7951:328784kB;7952:10732kB"
1722.6,6474944,8216340,1189916,3,"7950:850400kB;7951:328784kB;7952:10732kB"
1727.6,6474944,8216340,1189916,3,"7950:850400kB;7951:328784kB;7952:10732kB"
1732.6,6474944,8216340,1189916,3,"7950:850400kB;7951:328784kB;7952:10732kB"
1737.6,6474944,8216340,1189916,3,"7950:850400kB;7951:328784kB;7952:10732kB"
1742.7,6478152,8216340,1189916,3,"7950:850400kB;7951:328784kB;7952:10732kB"
1747.7,6573288,8216340,1085580,3,"7950:746064kB;7951:328784kB;7952:10732kB"
1752.7,6818484,8216340,858888,3,"7950:519372kB;7951:328784kB;7952:10732kB"
1757.7,6376888,8216340,1161532,3,"7950:822016kB;7951:328784kB;7952:10732kB"
1762.7,6376880,8216340,1228792,3,"7950:889276kB;7951:328784kB;7952:10732kB"
1767.7,6378076,8216340,1228792,3,"7950:889276kB;7951:328784kB;7952:10732kB"
1772.8,6412212,8216340,1228792,3,"7950:889276kB;7951:328784kB;7952:10732kB"
1777.8,6430092,8216340,1228792,3,"7950:889276kB;7951:328784kB;7952:10732kB"
1782.8,6429960,8216340,1228792,3,"7950:889276kB;7951:328784kB;7952:10732kB"
1787.8,6430212,8216340,1228792,3,"7950:889276kB;7951:328784kB;7952:10732kB"
1792.8,6430212,8216340,1228792,3,"7950:889276kB;7951:328784kB;7952:10732kB"
1797.8,6430212,8216340,1228792,3,"7950:889276kB;7951:328784kB;7952:10732kB"
1802.9,6430216,8216340,1228792,3,"7950:889276kB;7951:328784kB;7952:10732kB"
1807.9,6431380,8216340,1228792,3,"7950:889276kB;7951:328784kB;7952:10732kB"
1812.9,6431632,8216340,1228792,3,"7950:889276kB;7951:328784kB;7952:10732kB"
1817.9,6435960,8216340,1228792,3,"7950:889276kB;7951:328784kB;7952:10732kB"
1822.9,6817460,8216340,791036,3,"7950:451520kB;7951:328784kB;7952:10732kB"
1828.0,6487088,8216340,1171324,3,"7950:831804kB;7951:328784kB;7952:10736kB"
1833.0,6367388,8216340,1270200,3,"7950:930680kB;7951:328784kB;7952:10736kB"
1838.1,6367388,8216340,1270200,3,"7950:930680kB;7951:328784kB;7952:10736kB"
1843.1,6394532,8216340,1234920,3,"7950:930680kB;7951:293504kB;7952:10736kB"
1848.1,6207680,8216340,1371508,3,"7950:930680kB;7951:430092kB;7952:10736kB"
1853.1,6207656,8216340,1371508,3,"7950:930680kB;7951:430092kB;7952:10736kB"
1858.1,6226280,8216340,1371508,3,"7950:930680kB;7951:430092kB;7952:10736kB"
1863.1,6262452,8216340,1371508,3,"7950:930680kB;7951:430092kB;7952:10736kB"
1868.2,6282852,8216340,1371508,3,"7950:930680kB;7951:430092kB;7952:10736kB"
1873.2,6282756,8216340,1371508,3,"7950:930680kB;7951:430092kB;7952:10736kB"
1878.2,6283008,8216340,1371508,3,"7950:930680kB;7951:430092kB;7952:10736kB"
1883.2,6283008,8216340,1371508,3,"7950:930680kB;7951:430092kB;7952:10736kB"
1888.2,6283008,8216340,1371508,3,"7950:930680kB;7951:430092kB;7952:10736kB"
1893.2,6283008,8216340,1371508,3,"7950:930680kB;7951:430092kB;7952:10736kB"
1898.4,7131764,8216340,540728,3,"7950:99900kB;7951:430092kB;7952:10736kB"
1903.4,6639864,8216340,1019228,3,"7950:578400kB;7951:430092kB;7952:10736kB"
1908.5,6262172,8216340,1238364,3,"7950:797536kB;7951:430092kB;7952:10736kB"
1913.5,6244472,8216340,1415608,3,"7950:974780kB;7951:430092kB;7952:10736kB"
1918.5,6243212,8216340,1415608,3,"7950:974780kB;7951:430092kB;7952:10736kB"
1923.6,6243216,8216340,1415608,3,"7950:974780kB;7951:430092kB;7952:10736kB"
1928.6,6243216,8216340,1415608,3,"7950:974780kB;7951:430092kB;7952:10736kB"
1933.6,6243220,8216340,1415608,3,"7950:974780kB;7951:430092kB;7952:10736kB"
1938.6,6243220,8216340,1415608,3,"7950:974780kB;7951:430092kB;7952:10736kB"
1943.6,6243220,8216340,1415608,3,"7950:974780kB;7951:430092kB;7952:10736kB"
1948.6,6243220,8216340,1415608,3,"7950:974780kB;7951:430092kB;7952:10736kB"
1953.7,6242968,8216340,1415608,3,"7950:974780kB;7951:430092kB;7952:10736kB"
1958.7,6242968,8216340,1415608,3,"7950:974780kB;7951:430092kB;7952:10736kB"
1963.7,6242968,8216340,1415608,3,"7950:974780kB;7951:430092kB;7952:10736kB"
1968.7,6242968,8216340,1415608,3,"7950:974780kB;7951:430092kB;7952:10736kB"
1973.7,6242212,8216340,1415612,3,"7950:974780kB;7951:430092kB;7952:10740kB"
1978.8,6242212,8216340,1415612,3,"7950:974780kB;7951:430092kB;7952:10740kB"
1983.8,6241960,8216340,1415612,3,"7950:974780kB;7951:430092kB;7952:10740kB"
1988.8,6241960,8216340,1415612,3,"7950:974780kB;7951:430092kB;7952:10740kB"
1993.8,7039568,8216340,633132,3,"7950:192300kB;7951:430092kB;7952:10740kB"
1998.8,6601000,8216340,1064012,3,"7950:623180kB;7951:430092kB;7952:10740kB"
2003.9,6405592,8216340,1247492,3,"7950:954632kB;7951:282120kB;7952:10740kB"
2008.9,6114968,8216340,1501008,3,"7950:1021648kB;7951:468620kB;7952:10740kB"
2014.0,6114968,8216340,1501008,3,"7950:1021648kB;7951:468620kB;7952:10740kB"
2019.0,6150912,8216340,1501008,3,"7950:1021648kB;7951:468620kB;7952:10740kB"
2024.0,6157888,8216340,1501008,3,"7950:1021648kB;7951:468620kB;7952:10740kB"
2029.0,6157888,8216340,1501008,3,"7950:1021648kB;7951:468620kB;7952:10740kB"
2034.0,6157636,8216340,1501008,3,"7950:1021648kB;7951:468620kB;7952:10740kB"
2039.0,6157636,8216340,1501008,3,"7950:1021648kB;7951:468620kB;7952:10740kB"
2044.1,6157636,8216340,1501008,3,"7950:1021648kB;7951:468620kB;7952:10740kB"
2049.1,6157636,8216340,1501008,3,"7950:1021648kB;7951:468620kB;7952:10740kB"
2054.1,6157636,8216340,1501008,3,"7950:1021648kB;7951:468620kB;7952:10740kB"
2059.1,6157636,8216340,1501008,3,"7950:1021648kB;7951:468620kB;7952:10740kB"
2064.1,6157636,8216340,1501008,3,"7950:1021648kB;7951:468620kB;7952:10740kB"
2069.1,6157636,8216340,1501008,3,"7950:1021648kB;7951:468620kB;7952:10740kB"
2074.2,6157636,8216340,1501008,3,"7950:1021648kB;7951:468620kB;7952:10740kB"
2079.2,6157636,8216340,1501008,3,"7950:1021648kB;7951:468620kB;7952:10740kB"
2084.4,6157636,8216340,1501012,3,"7950:1021648kB;7951:468620kB;7952:10744kB"
2090.1,6157636,8216340,1501012,3,"7950:1021648kB;7951:468620kB;7952:10744kB"
2095.2,6157636,8216340,1501012,3,"7950:1021648kB;7951:468620kB;7952:10744kB"
2100.2,6157636,8216340,1501012,3,"7950:1021648kB;7951:468620kB;7952:10744kB"
2105.2,6911324,8216340,736664,3,"7950:257300kB;7951:468620kB;7952:10744kB"
2110.2,6425412,8216340,1248524,3,"7950:769160kB;7951:468620kB;7952:10744kB"
2115.3,6199188,8216340,1480056,3,"7950:1000692kB;7951:468620kB;7952:10744kB"
2120.3,6124008,8216340,1550796,3,"7950:1071432kB;7951:468620kB;7952:10744kB"
2125.3,6124008,8216340,1550796,3,"7950:1071432kB;7951:468620kB;7952:10744kB"
2130.3,6124008,8216340,1550796,3,"7950:1071432kB;7951:468620kB;7952:10744kB"
2135.3,6124008,8216340,1550796,3,"7950:1071432kB;7951:468620kB;7952:10744kB"
2140.4,6124008,8216340,1550796,3,"7950:1071432kB;7951:468620kB;7952:10744kB"
2145.4,6124008,8216340,1550796,3,"7950:1071432kB;7951:468620kB;7952:10744kB"
2150.4,6124008,8216340,1550796,3,"7950:1071432kB;7951:468620kB;7952:10744kB"
2155.4,6123756,8216340,1550796,3,"7950:1071432kB;7951:468620kB;7952:10744kB"
2160.5,6123504,8216340,1550796,3,"7950:1071432kB;7951:468620kB;7952:10744kB"
2165.5,6119976,8216340,1550796,3,"7950:1071432kB;7951:468620kB;7952:10744kB"
2170.5,6119976,8216340,1550796,3,"7950:1071432kB;7951:468620kB;7952:10744kB"
2175.6,6113928,8216340,1550796,3,"7950:1071432kB;7951:468620kB;7952:10744kB"
2180.6,6113928,8216340,1550796,3,"7950:1071432kB;7951:468620kB;7952:10744kB"
2185.6,6113928,8216340,1550796,3,"7950:1071432kB;7951:468620kB;7952:10744kB"
2190.6,6113928,8216340,1550796,3,"7950:1071432kB;7951:468620kB;7952:10744kB"
2195.6,6434428,8216340,1246012,3,"7950:1071432kB;7951:163836kB;7952:10744kB"
2200.6,6077688,8216340,1542212,3,"7950:1071432kB;7951:460036kB;7952:10744kB"
2205.7,6077584,8216340,1569000,3,"7950:1071432kB;7951:486824kB;7952:10744kB"
2210.7,7076692,8216340,563912,3,"7950:66340kB;7951:486824kB;7952:10748kB"
2215.7,6568704,8216340,1078876,3,"7950:581304kB;7951:486824kB;7952:10748kB"
2220.7,6197756,8216340,1371504,3,"7950:873932kB;7951:486824kB;7952:10748kB"
2225.7,6025984,8216340,1621840,3,"7950:1124268kB;7951:486824kB;7952:10748kB"
2230.8,6025928,8216340,1621840,3,"7950:1124268kB;7951:486824kB;7952:10748kB"
2235.8,6026172,8216340,1621840,3,"7950:1124268kB;7951:486824kB;7952:10748kB"
2240.8,6026000,8216340,1621840,3,"7950:1124268kB;7951:486824kB;7952:10748kB"
2245.8,6026000,8216340,1621840,3,"7950:1124268kB;7951:486824kB;7952:10748kB"
2250.8,6026000,8216340,1621840,3,"7950:1124268kB;7951:486824kB;7952:10748kB"
2255.9,6026232,8216340,1621840,3,"7950:1124268kB;7951:486824kB;7952:10748kB"
2260.9,6028744,8216340,1621840,3,"7950:1124268kB;7951:486824kB;7952:10748kB"
2265.9,6028744,8216340,1621840,3,"7950:1124268kB;7951:486824kB;7952:10748kB"
2270.9,6028744,8216340,1621840,3,"7950:1124268kB;7951:486824kB;7952:10748kB"
2276.0,6028744,8216340,1621840,3,"7950:1124268kB;7951:486824kB;7952:10748kB"
2281.0,6028492,8216340,1621840,3,"7950:1124268kB;7951:486824kB;7952:10748kB"
2286.0,6028492,8216340,1621840,3,"7950:1124268kB;7951:486824kB;7952:10748kB"
2291.0,6028492,8216340,1621840,3,"7950:1124268kB;7951:486824kB;7952:10748kB"
2296.0,6028492,8216340,1621840,3,"7950:1124268kB;7951:486824kB;7952:10748kB"
2301.0,6028492,8216340,1621840,3,"7950:1124268kB;7951:486824kB;7952:10748kB"
2306.1,6028492,8216340,1621840,3,"7950:1124268kB;7951:486824kB;7952:10748kB"
2311.1,6028492,8216340,1621840,3,"7950:1124268kB;7951:486824kB;7952:10748kB"
2316.1,6028492,8216340,1621840,3,"7950:1124268kB;7951:486824kB;7952:10748kB"
2321.1,6032284,8216340,1621840,3,"7950:1124268kB;7951:486824kB;7952:10748kB"
2326.1,6024224,8216340,1621840,3,"7950:1124268kB;7951:486824kB;7952:10748kB"
2331.1,6024224,8216340,1621840,3,"7950:1124268kB;7951:486824kB;7952:10748kB"
2336.2,6024224,8216340,1621840,3,"7950:1124268kB;7951:486824kB;7952:10748kB"
2341.2,6647680,8216340,994148,3,"7950:496572kB;7951:486824kB;7952:10752kB"
2346.2,6199372,8216340,1396976,3,"7950:899400kB;7951:486824kB;7952:10752kB"
2351.2,6040132,8216340,1617208,3,"7950:1119632kB;7951:486824kB;7952:10752kB"
2356.3,5649264,8216340,2004632,3,"7950:1507056kB;7951:486824kB;7952:10752kB"
2361.3,5382468,8216340,2005552,3,"7950:1507976kB;7951:486824kB;7952:10752kB"
2366.3,5422840,8216340,2005552,3,"7950:1507976kB;7951:486824kB;7952:10752kB"
2371.3,5463472,8216340,2005552,3,"7950:1507976kB;7951:486824kB;7952:10752kB"
2376.3,5508952,8216340,2005552,3,"7950:1507976kB;7951:486824kB;7952:10752kB"
2381.3,5549408,8216340,2005552,3,"7950:1507976kB;7951:486824kB;7952:10752kB"
2386.4,5589708,8216340,2005552,3,"7950:1507976kB;7951:486824kB;7952:10752kB"
2391.4,5625012,8216340,2005552,3,"7950:1507976kB;7951:486824kB;7952:10752kB"
2396.4,5642896,8216340,2005552,3,"7950:1507976kB;7951:486824kB;7952:10752kB"
2401.4,5641792,8216340,2005552,3,"7950:1507976kB;7951:486824kB;7952:10752kB"
2406.4,5631548,8216340,2024524,3,"7950:1507976kB;7951:505796kB;7952:10752kB"
2411.5,5615564,8216340,2030148,3,"7950:1507976kB;7951:511420kB;7952:10752kB"
2416.5,5617476,8216340,2030148,3,"7950:1507976kB;7951:511420kB;7952:10752kB"
2421.5,5617476,8216340,2030148,3,"7950:1507976kB;7951:511420kB;7952:10752kB"
2426.5,5623688,8216340,2030148,3,"7950:1507976kB;7951:511420kB;7952:10752kB"
2431.5,5627500,8216340,2030148,3,"7950:1507976kB;7951:511420kB;7952:10752kB"
2436.5,5627500,8216340,2030148,3,"7950:1507976kB;7951:511420kB;7952:10752kB"
2441.6,5627500,8216340,2030148,3,"7950:1507976kB;7951:511420kB;7952:10752kB"
2446.6,5627500,8216340,2030148,3,"7950:1507976kB;7951:511420kB;7952:10752kB"
2451.6,5627500,8216340,2030148,3,"7950:1507976kB;7951:511420kB;7952:10752kB"
2456.6,5628196,8216340,2030148,3,"7950:1507976kB;7951:511420kB;7952:10752kB"
2461.6,5630272,8216340,2030148,3,"7950:1507976kB;7951:511420kB;7952:10752kB"
2466.6,5630276,8216340,2030148,3,"7950:1507976kB;7951:511420kB;7952:10752kB"
2471.7,5916796,8216340,1732036,3,"7950:1209864kB;7951:511420kB;7952:10752kB"
2476.7,6606716,8216340,1056344,3,"7950:534172kB;7951:511420kB;7952:10752kB"
2481.7,6181380,8216340,1338332,3,"7950:816160kB;7951:511420kB;7952:10752kB"
2486.7,6036172,8216340,1624192,3,"7950:1102016kB;7951:511420kB;7952:10756kB"
2491.8,5564800,8216340,2092596,3,"7950:1570420kB;7951:511420kB;7952:10756kB"
2496.8,5502072,8216340,2089508,3,"7950:1567332kB;7951:511420kB;7952:10756kB"
2501.8,5519156,8216340,2089508,3,"7950:1567332kB;7951:511420kB;7952:10756kB"
2506.8,5552860,8216340,2089508,3,"7950:1567332kB;7951:511420kB;7952:10756kB"
2511.9,5564476,8216340,2089508,3,"7950:1567332kB;7951:511420kB;7952:10756kB"
2516.9,5564392,8216340,2089508,3,"7950:1567332kB;7951:511420kB;7952:10756kB"
2521.9,5569576,8216340,2089508,3,"7950:1567332kB;7951:511420kB;7952:10756kB"
2526.9,5569324,8216340,2089508,3,"7950:1567332kB;7951:511420kB;7952:10756kB"
2531.9,5569068,8216340,2089508,3,"7950:1567332kB;7951:511420kB;7952:10756kB"
2536.9,5568272,8216340,2089508,3,"7950:1567332kB;7951:511420kB;7952:10756kB"
2542.0,5568220,8216340,2089508,3,"7950:1567332kB;7951:511420kB;7952:10756kB"
2547.0,5567620,8216340,2089508,3,"7950:1567332kB;7951:511420kB;7952:10756kB"
2552.0,5566108,8216340,2089508,3,"7950:1567332kB;7951:511420kB;7952:10756kB"
2557.0,5566108,8216340,2089508,3,"7950:1567332kB;7951:511420kB;7952:10756kB"
2562.0,5568252,8216340,2089508,3,"7950:1567332kB;7951:511420kB;7952:10756kB"
2567.0,5568252,8216340,2089508,3,"7950:1567332kB;7951:511420kB;7952:10756kB"
2572.1,5568000,8216340,2089508,3,"7950:1567332kB;7951:511420kB;7952:10756kB"
2577.1,5568000,8216340,2089508,3,"7950:1567332kB;7951:511420kB;7952:10756kB"
2582.1,5565768,8216340,2089508,3,"7950:1567332kB;7951:511420kB;7952:10756kB"
2587.1,5567288,8216340,2089508,3,"7950:1567332kB;7951:511420kB;7952:10756kB"
2592.1,5567288,8216340,2089508,3,"7950:1567332kB;7951:511420kB;7952:10756kB"
2597.1,5567036,8216340,2089512,3,"7950:1567332kB;7951:511420kB;7952:10760kB"
2602.2,5567036,8216340,2089512,3,"7950:1567332kB;7951:511420kB;7952:10760kB"
2607.2,5568364,8216340,2089512,3,"7950:1567332kB;7951:511420kB;7952:10760kB"
2612.2,6956928,8216340,723640,3,"7950:201460kB;7951:511420kB;7952:10760kB"
2617.2,6492916,8216340,1179964,3,"7950:657784kB;7951:511420kB;7952:10760kB"
2622.2,6492916,8216340,1179968,3,"7950:657788kB;7951:511420kB;7952:10760kB"
2627.2,6492916,8216340,1179968,3,"7950:657788kB;7951:511420kB;7952:10760kB"
2632.2,6492916,8216340,1179968,3,"7950:657788kB;7951:511420kB;7952:10760kB"
2637.3,6492160,8216340,1179968,3,"7950:657788kB;7951:511420kB;7952:10760kB"
2642.3,6819912,8216340,849628,3,"7950:657788kB;7951:181080kB;7952:10760kB"
2647.3,7109604,8216340,570776,3,"7950:179252kB;7951:380764kB;7952:10760kB"
2652.3,6512584,8216340,1159404,3,"7950:767880kB;7951:380764kB;7952:10760kB"
2657.3,6262076,8216340,1280884,3,"7950:889360kB;7951:380764kB;7952:10760kB"
2662.4,6278268,8216340,1280884,3,"7950:889360kB;7951:380764kB;7952:10760kB"
2667.4,6319076,8216340,1280884,3,"7950:889360kB;7951:380764kB;7952:10760kB"
2672.4,6356832,8216340,1280884,3,"7950:889360kB;7951:380764kB;7952:10760kB"
2677.4,6376244,8216340,1280884,3,"7950:889360kB;7951:380764kB;7952:10760kB"
2682.4,6376288,8216340,1280884,3,"7950:889360kB;7951:380764kB;7952:10760kB"
2687.5,7090724,8216340,588532,3,"7950:197008kB;7951:380764kB;7952:10760kB"
2692.5,6620728,8216340,1056728,3,"7950:665204kB;7951:380764kB;7952:10760kB"
2697.5,6271112,8216340,1357000,3,"7950:965476kB;7951:380764kB;7952:10760kB"
2702.5,6271112,8216340,1357000,3,"7950:965476kB;7951:380764kB;7952:10760kB"
2707.5,6271112,8216340,1357000,3,"7950:965476kB;7951:380764kB;7952:10760kB"
2712.6,6292848,8216340,1357128,3,"7950:965476kB;7951:380892kB;7952:10760kB"
2717.6,6372064,8216340,1281176,3,"7950:965476kB;7951:304940kB;7952:10760kB"
2722.6,6172016,8216340,1440520,3,"7950:965476kB;7951:464280kB;7952:10764kB"
2727.9,6172016,8216340,1440520,3,"7950:965476kB;7951:464280kB;7952:10764kB"
2733.0,6189496,8216340,1440520,3,"7950:965476kB;7951:464280kB;7952:10764kB"
2738.0,6206372,8216340,1440520,3,"7950:965476kB;7951:464280kB;7952:10764kB"
2743.0,6575680,8216340,964912,3,"7950:489868kB;7951:464280kB;7952:10764kB"
2748.1,6175832,8216340,1479452,3,"7950:1004408kB;7951:464280kB;7952:10764kB"
2753.1,6126632,8216340,1525828,3,"7950:1050784kB;7951:464280kB;7952:10764kB"
2758.1,6126632,8216340,1525828,3,"7950:1050784kB;7951:464280kB;7952:10764kB"
2763.1,6126380,8216340,1525828,3,"7950:1050784kB;7951:464280kB;7952:10764kB"
2768.1,6126380,8216340,1525828,3,"7950:1050784kB;7951:464280kB;7952:10764kB"
2773.2,6126380,8216340,1525828,3,"7950:1050784kB;7951:464280kB;7952:10764kB"
2778.2,6126380,8216340,1525828,3,"7950:1050784kB;7951:464280kB;7952:10764kB"
2783.2,6127912,8216340,1525828,3,"7950:1050784kB;7951:464280kB;7952:10764kB"
2788.2,6127912,8216340,1525828,3,"7950:1050784kB;7951:464280kB;7952:10764kB"
2793.3,6127912,8216340,1525828,3,"7950:1050784kB;7951:464280kB;7952:10764kB"
2798.3,6127912,8216340,1525828,3,"7950:1050784kB;7951:464280kB;7952:10764kB"
2803.3,6636016,8216340,1003700,3,"7950:528656kB;7951:464280kB;7952:10764kB"
2808.3,6531852,8216340,1035704,3,"7950:910960kB;7951:113980kB;7952:10764kB"
2813.3,5960460,8216340,1709264,3,"7950:1146156kB;7951:552344kB;7952:10764kB"
2818.4,5958444,8216340,1709932,3,"7950:1146156kB;7951:553012kB;7952:10764kB"
2823.4,5958444,8216340,1709932,3,"7950:1146156kB;7951:553012kB;7952:10764kB"
2828.4,5957688,8216340,1709932,3,"7950:1146156kB;7951:553012kB;7952:10764kB"
2833.4,5957688,8216340,1709932,3,"7950:1146156kB;7951:553012kB;7952:10764kB"
2838.4,5957688,8216340,1709932,3,"7950:1146156kB;7951:553012kB;7952:10764kB"
2843.4,5957688,8216340,1709932,3,"7950:1146156kB;7951:553012kB;7952:10764kB"
2848.5,5952144,8216340,1709932,3,"7950:1146156kB;7951:553012kB;7952:10764kB"
2853.5,5952144,8216340,1709936,3,"7950:1146156kB;7951:553012kB;7952:10768kB"
2858.5,5951388,8216340,1709936,3,"7950:1146156kB;7951:553012kB;7952:10768kB"
2863.5,5951388,8216340,1709936,3,"7950:1146156kB;7951:553012kB;7952:10768kB"
2868.5,5946852,8216340,1709936,3,"7950:1146156kB;7951:553012kB;7952:10768kB"
2873.6,6564904,8216340,1046976,3,"7950:483196kB;7951:553012kB;7952:10768kB"
2878.6,6145592,8216340,1517924,3,"7950:954144kB;7951:553012kB;7952:10768kB"
2883.6,5986572,8216340,1680592,3,"7950:1116812kB;7951:553012kB;7952:10768kB"
2888.6,5843680,8216340,1816284,3,"7950:1252504kB;7951:553012kB;7952:10768kB"
2893.7,5843456,8216340,1816284,3,"7950:1252504kB;7951:553012kB;7952:10768kB"
2898.7,5843464,8216340,1816284,3,"7950:1252504kB;7951:553012kB;7952:10768kB"
2903.7,5843532,8216340,1816284,3,"7950:1252504kB;7951:553012kB;7952:10768kB"
2908.7,5843532,8216340,1816284,3,"7950:1252504kB;7951:553012kB;7952:10768kB"
2913.7,5843532,8216340,1816412,3,"7950:1252504kB;7951:553140kB;7952:10768kB"
2918.7,6101508,8216340,1567236,3,"7950:1252504kB;7951:303964kB;7952:10768kB"
2923.8,5834388,8216340,1830084,3,"7950:1252504kB;7951:566812kB;7952:10768kB"
2928.8,5834388,8216340,1830084,3,"7950:1252504kB;7951:566812kB;7952:10768kB"
2933.8,5834388,8216340,1830084,3,"7950:1252504kB;7951:566812kB;7952:10768kB"
2938.8,5834388,8216340,1830084,3,"7950:1252504kB;7951:566812kB;7952:10768kB"
2943.8,5834388,8216340,1830084,3,"7950:1252504kB;7951:566812kB;7952:10768kB"
2948.9,5834388,8216340,1830084,3,"7950:1252504kB;7951:566812kB;7952:10768kB"
2953.9,5834388,8216340,1830084,3,"7950:1252504kB;7951:566812kB;7952:10768kB"
2958.9,5834388,8216340,1830084,3,"7950:1252504kB;7951:566812kB;7952:10768kB"
2963.9,6770580,8216340,903828,3,"7950:326248kB;7951:566812kB;7952:10768kB"
2968.9,6206164,8216340,1469520,3,"7950:891940kB;7951:566812kB;7952:10768kB"
2974.0,6014596,8216340,1642320,3,"7950:1064740kB;7951:566812kB;7952:10768kB"
2979.0,5808184,8216340,1847424,3,"7950:1269844kB;7951:566812kB;7952:10768kB"
2984.0,5188516,8216340,2477000,3,"7950:1899420kB;7951:566812kB;7952:10768kB"
2989.0,5191860,8216340,2276088,3,"7950:1698508kB;7951:566812kB;7952:10768kB"
2994.0,5232844,8216340,2276088,3,"7950:1698508kB;7951:566812kB;7952:10768kB"
2999.0,5273000,8216340,2276092,3,"7950:1698508kB;7951:566812kB;7952:10772kB"
3004.1,5315520,8216340,2276092,3,"7950:1698508kB;7951:566812kB;7952:10772kB"
3009.1,5361472,8216340,2276092,3,"7950:1698508kB;7951:566812kB;7952:10772kB"
3014.1,5384360,8216340,2276092,3,"7950:1698508kB;7951:566812kB;7952:10772kB"
3019.1,5384124,8216340,2276092,3,"7950:1698508kB;7951:566812kB;7952:10772kB"
3024.1,5384044,8216340,2276092,3,"7950:1698508kB;7951:566812kB;7952:10772kB"
3029.1,5384044,8216340,2276092,3,"7950:1698508kB;7951:566812kB;7952:10772kB"
3034.2,5384044,8216340,2276092,3,"7950:1698508kB;7951:566812kB;7952:10772kB"
3039.2,5384044,8216340,2276092,3,"7950:1698508kB;7951:566812kB;7952:10772kB"
3044.2,5384976,8216340,2276092,3,"7950:1698508kB;7951:566812kB;7952:10772kB"
3049.2,5386588,8216340,2276092,3,"7950:1698508kB;7951:566812kB;7952:10772kB"
3054.2,5404000,8216340,2222728,3,"7950:1698508kB;7951:513448kB;7952:10772kB"
3059.3,5296144,8216340,2378312,3,"7950:1698508kB;7951:669032kB;7952:10772kB"
3064.3,6834504,8216340,843464,3,"7950:163660kB;7951:669032kB;7952:10772kB"
3069.3,6376368,8216340,1296048,3,"7950:616244kB;7951:669032kB;7952:10772kB"
3074.3,5974072,8216340,1676048,3,"7950:996244kB;7951:669032kB;7952:10772kB"
3079.4,5759720,8216340,1906036,3,"7950:1226232kB;7951:669032kB;7952:10772kB"
3084.4,5206280,8216340,2453952,3,"7950:1774148kB;7951:669032kB;7952:10772kB"
3089.4,5107548,8216340,2509672,3,"7950:1829868kB;7951:669032kB;7952:10772kB"
3094.4,5107552,8216340,2509672,3,"7950:1829868kB;7951:669032kB;7952:10772kB"
3099.4,5118432,8216340,2509672,3,"7950:1829868kB;7951:669032kB;7952:10772kB"
3104.4,5142540,8216340,2509672,3,"7950:1829868kB;7951:669032kB;7952:10772kB"
3109.4,5142292,8216340,2509676,3,"7950:1829868kB;7951:669032kB;7952:10776kB"
3114.5,5142984,8216340,2509676,3,"7950:1829868kB;7951:669032kB;7952:10776kB"
3119.5,5145724,8216340,2509676,3,"7950:1829868kB;7951:669032kB;7952:10776kB"
3124.5,5145828,8216340,2509676,3,"7950:1829868kB;7951:669032kB;7952:10776kB"
3129.5,5145828,8216340,2509676,3,"7950:1829868kB;7951:669032kB;7952:10776kB"
3134.5,5145828,8216340,2509676,3,"7950:1829868kB;7951:669032kB;7952:10776kB"
3139.5,5145828,8216340,2509676,3,"7950:1829868kB;7951:669032kB;7952:10776kB"
3144.6,5145828,8216340,2509676,3,"7950:1829868kB;7951:669032kB;7952:10776kB"
3149.6,5145828,8216340,2509676,3,"7950:1829868kB;7951:669032kB;7952:10776kB"
3154.6,5145828,8216340,2509676,3,"7950:1829868kB;7951:669032kB;7952:10776kB"
3159.6,5145828,8216340,2509676,3,"7950:1829868kB;7951:669032kB;7952:10776kB"
3164.6,5145828,8216340,2509676,3,"7950:1829868kB;7951:669032kB;7952:10776kB"
3169.7,5145828,8216340,2509676,3,"7950:1829868kB;7951:669032kB;7952:10776kB"
3174.7,5145828,8216340,2509676,3,"7950:1829868kB;7951:669032kB;7952:10776kB"
3179.7,6694844,8216340,961660,3,"7950:281852kB;7951:669032kB;7952:10776kB"
3184.7,6694764,8216340,961660,3,"7950:281852kB;7951:669032kB;7952:10776kB"
3189.7,6694764,8216340,961660,3,"7950:281852kB;7951:669032kB;7952:10776kB"
3194.7,6694764,8216340,961660,3,"7950:281852kB;7951:669032kB;7952:10776kB"
3199.8,6694764,8216340,961660,3,"7950:281852kB;7951:669032kB;7952:10776kB"
3204.8,6694764,8216340,961660,3,"7950:281852kB;7951:669032kB;7952:10776kB"
3209.8,6694764,8216340,961660,3,"7950:281852kB;7951:669032kB;7952:10776kB"
3214.8,6694764,8216340,961788,3,"7950:281852kB;7951:669160kB;7952:10776kB"
3219.8,6694764,8216340,961788,3,"7950:281852kB;7951:669160kB;7952:10776kB"
3224.9,6694764,8216340,961788,3,"7950:281852kB;7951:669160kB;7952:10776kB"
3229.9,7027244,8216340,644892,3,"7950:281852kB;7951:352264kB;7952:10776kB"
3234.9,6391184,8216340,1115640,3,"7950:281852kB;7951:823008kB;7952:10780kB"
3239.9,6391088,8216340,1154132,3,"7950:281852kB;7951:861500kB;7952:10780kB"
3244.9,6424764,8216340,1154132,3,"7950:281852kB;7951:861500kB;7952:10780kB"
3249.9,6467800,8216340,1154132,3,"7950:281852kB;7951:861500kB;7952:10780kB"
3255.0,6504388,8216340,1154132,3,"7950:281852kB;7951:861500kB;7952:10780kB"
3260.0,6507560,8216340,1154132,3,"7950:281852kB;7951:861500kB;7952:10780kB"
3265.0,6507816,8216340,1154132,3,"7950:281852kB;7951:861500kB;7952:10780kB"
3270.0,6507816,8216340,1154132,3,"7950:281852kB;7951:861500kB;7952:10780kB"
3275.0,6507816,8216340,1154132,3,"7950:281852kB;7951:861500kB;7952:10780kB"
3280.1,6507384,8216340,1154132,3,"7950:281852kB;7951:861500kB;7952:10780kB"
3285.1,6506688,8216340,1154132,3,"7950:281852kB;7951:861500kB;7952:10780kB"
3290.1,6505932,8216340,1154132,3,"7950:281852kB;7951:861500kB;7952:10780kB"
3295.1,6505932,8216340,1154132,3,"7950:281852kB;7951:861500kB;7952:10780kB"
3300.1,6507964,8216340,1154132,3,"7950:281852kB;7951:861500kB;7952:10780kB"
3305.1,6507964,8216340,1154132,3,"7950:281852kB;7951:861500kB;7952:10780kB"
3310.1,6508476,8216340,1154132,3,"7950:281852kB;7951:861500kB;7952:10780kB"
3315.2,6508476,8216340,1154132,3,"7950:281852kB;7951:861500kB;7952:10780kB"
3320.2,6508648,8216340,1154132,3,"7950:281852kB;7951:861500kB;7952:10780kB"
3325.2,6507892,8216340,1154132,3,"7950:281852kB;7951:861500kB;7952:10780kB"
3330.2,6507892,8216340,1154132,3,"7950:281852kB;7951:861500kB;7952:10780kB"
3335.2,6507892,8216340,1154132,3,"7950:281852kB;7951:861500kB;7952:10780kB"
3340.2,6507892,8216340,1154132,3,"7950:281852kB;7951:861500kB;7952:10780kB"
3345.3,6507892,8216340,1154132,3,"7950:281852kB;7951:861500kB;7952:10780kB"
3350.3,6507892,8216340,1154132,3,"7950:281852kB;7951:861500kB;7952:10780kB"
3355.3,6508176,8216340,1154132,3,"7950:281852kB;7951:861500kB;7952:10780kB"
3360.3,6507168,8216340,1154132,3,"7950:281852kB;7951:861500kB;7952:10780kB"
3365.3,6507812,8216340,1154136,3,"7950:281852kB;7951:861500kB;7952:10784kB"
3370.3,6507056,8216340,1154136,3,"7950:281852kB;7951:861500kB;7952:10784kB"
3375.3,6507828,8216340,1154136,3,"7950:281852kB;7951:861500kB;7952:10784kB"
3380.4,6507072,8216340,1154136,3,"7950:281852kB;7951:861500kB;7952:10784kB"
3385.4,6507656,8216340,1154136,3,"7950:281852kB;7951:861500kB;7952:10784kB"
3390.4,6508332,8216340,1154136,3,"7950:281852kB;7951:861500kB;7952:10784kB"
3395.4,6506284,8216340,1154136,3,"7950:281852kB;7951:861500kB;7952:10784kB"
3400.4,6506032,8216340,1154136,3,"7950:281852kB;7951:861500kB;7952:10784kB"
3405.4,6506032,8216340,1154136,3,"7950:281852kB;7951:861500kB;7952:10784kB"
3410.5,6506032,8216340,1154136,3,"7950:281852kB;7951:861500kB;7952:10784kB"
3415.5,6506284,8216340,1154136,3,"7950:281852kB;7951:861500kB;7952:10784kB"
3420.5,6506284,8216340,1154136,3,"7950:281852kB;7951:861500kB;7952:10784kB"
3425.5,6506284,8216340,1154136,3,"7950:281852kB;7951:861500kB;7952:10784kB"
3430.5,6771932,8216340,908532,3,"7950:281852kB;7951:615896kB;7952:10784kB"
3435.6,6353776,8216340,1272656,3,"7950:281852kB;7951:980020kB;7952:10784kB"
3440.6,6349240,8216340,1272656,3,"7950:281852kB;7951:980020kB;7952:10784kB"
3445.6,6357276,8216340,1272656,3,"7950:281852kB;7951:980020kB;7952:10784kB"
3450.6,6385520,8216340,1272656,3,"7950:281852kB;7951:980020kB;7952:10784kB"
3455.6,6388544,8216340,1272656,3,"7950:281852kB;7951:980020kB;7952:10784kB"
3460.7,6387536,8216340,1272656,3,"7950:281852kB;7951:980020kB;7952:10784kB"
3465.7,6387536,8216340,1272656,3,"7950:281852kB;7951:980020kB;7952:10784kB"
3470.7,6390404,8216340,1272656,3,"7950:281852kB;7951:980020kB;7952:10784kB"
3475.7,6389488,8216340,1272656,3,"7950:281852kB;7951:980020kB;7952:10784kB"
3480.8,6391980,8216340,1272656,3,"7950:281852kB;7951:980020kB;7952:10784kB"
3485.8,6390720,8216340,1272656,3,"7950:281852kB;7951:980020kB;7952:10784kB"
3490.8,6390312,8216340,1272656,3,"7950:281852kB;7951:980020kB;7952:10784kB"
3495.9,6390312,8216340,1272656,3,"7950:281852kB;7951:980020kB;7952:10784kB"
3500.9,6390028,8216340,1272656,3,"7950:281852kB;7951:980020kB;7952:10784kB"
3505.9,6390120,8216340,1272656,3,"7950:281852kB;7951:980020kB;7952:10784kB"
3510.9,6389424,8216340,1272660,3,"7950:281852kB;7951:980020kB;7952:10788kB"
3515.9,6391372,8216340,1272660,3,"7950:281852kB;7951:980020kB;7952:10788kB"
3521.3,6391376,8216340,1272660,3,"7950:281852kB;7951:980020kB;7952:10788kB"
3526.4,6391376,8216340,1272660,3,"7950:281852kB;7951:980020kB;7952:10788kB"
3531.4,6391376,8216340,1272660,3,"7950:281852kB;7951:980020kB;7952:10788kB"
3536.5,6391380,8216340,1272660,3,"7950:281852kB;7951:980020kB;7952:10788kB"
3541.5,6391380,8216340,1272660,3,"7950:281852kB;7951:980020kB;7952:10788kB"
3546.5,6391380,8216340,1272660,3,"7950:281852kB;7951:980020kB;7952:10788kB"
3551.5,6391380,8216340,1272660,3,"7950:281852kB;7951:980020kB;7952:10788kB"
3556.5,6391380,8216340,1272660,3,"7950:281852kB;7951:980020kB;7952:10788kB"
3561.5,6391380,8216340,1272660,3,"7950:281852kB;7951:980020kB;7952:10788kB"
3566.6,6391380,8216340,1272660,3,"7950:281852kB;7951:980020kB;7952:10788kB"
3571.6,6391380,8216340,1272660,3,"7950:281852kB;7951:980020kB;7952:10788kB"
3576.6,6391380,8216340,1272660,3,"7950:281852kB;7951:980020kB;7952:10788kB"
3581.6,6391380,8216340,1272660,3,"7950:281852kB;7951:980020kB;7952:10788kB"
3586.6,6393540,8216340,1272660,3,"7950:281852kB;7951:980020kB;7952:10788kB"
3591.6,6392280,8216340,1272660,3,"7950:281852kB;7951:980020kB;7952:10788kB"
3596.7,6391276,8216340,1272660,3,"7950:281852kB;7951:980020kB;7952:10788kB"
3601.7,6391276,8216340,1272660,3,"7950:281852kB;7951:980020kB;7952:10788kB"
3606.7,6390268,8216340,1272660,3,"7950:281852kB;7951:980020kB;7952:10788kB"
3611.7,6390268,8216340,1272660,3,"7950:281852kB;7951:980020kB;7952:10788kB"
3616.7,6390268,8216340,1272660,3,"7950:281852kB;7951:980020kB;7952:10788kB"
3621.7,6390268,8216340,1272664,3,"7950:281852kB;7951:980020kB;7952:10792kB"
3626.8,6390268,8216340,1272664,3,"7950:281852kB;7951:980020kB;7952:10792kB"
3631.8,6390268,8216340,1272664,3,"7950:281852kB;7951:980020kB;7952:10792kB"
3636.8,6390268,8216340,1272664,3,"7950:281852kB;7951:980020kB;7952:10792kB"
3641.8,6390268,8216340,1272664,3,"7950:281852kB;7951:980020kB;7952:10792kB"
3646.8,6390268,8216340,1272664,3,"7950:281852kB;7951:980020kB;7952:10792kB"
3651.8,6390268,8216340,1272664,3,"7950:281852kB;7951:980020kB;7952:10792kB"
3656.8,6390268,8216340,1272792,3,"7950:281852kB;7951:980148kB;7952:10792kB"
3661.9,6390268,8216340,1272792,3,"7950:281852kB;7951:980148kB;7952:10792kB"
3666.9,6390268,8216340,1272792,3,"7950:281852kB;7951:980148kB;7952:10792kB"
3671.9,7008276,8216340,658480,3,"7950:281852kB;7951:365836kB;7952:10792kB"
3676.9,6340684,8216340,1250764,3,"7950:281852kB;7951:958120kB;7952:10792kB"
3681.9,6336148,8216340,1319216,3,"7950:281852kB;7951:1026572kB;7952:10792kB"
3687.0,6340428,8216340,1319220,3,"7950:281852kB;7951:1026576kB;7952:10792kB"
3692.0,6340680,8216340,1319220,3,"7950:281852kB;7951:1026576kB;7952:10792kB"
3697.0,6340680,8216340,1319220,3,"7950:281852kB;7951:1026576kB;7952:10792kB"
3702.0,6340680,8216340,1319220,3,"7950:281852kB;7951:1026576kB;7952:10792kB"
3707.1,6340680,8216340,1319220,3,"7950:281852kB;7951:1026576kB;7952:10792kB"
3712.1,6340660,8216340,1319220,3,"7950:281852kB;7951:1026576kB;7952:10792kB"
3717.1,6339400,8216340,1319220,3,"7950:281852kB;7951:1026576kB;7952:10792kB"
3722.1,6337168,8216340,1319220,3,"7950:281852kB;7951:1026576kB;7952:10792kB"
3727.1,6337168,8216340,1319220,3,"7950:281852kB;7951:1026576kB;7952:10792kB"
3732.1,6337168,8216340,1319220,3,"7950:281852kB;7951:1026576kB;7952:10792kB"
3737.2,6337168,8216340,1319220,3,"7950:281852kB;7951:1026576kB;7952:10792kB"
3742.2,6337168,8216340,1319220,3,"7950:281852kB;7951:1026576kB;7952:10792kB"
3747.2,6337168,8216340,1319224,3,"7950:281852kB;7951:1026576kB;7952:10796kB"
3752.2,6337168,8216340,1319224,3,"7950:281852kB;7951:1026576kB;7952:10796kB"
3757.2,6337168,8216340,1319224,3,"7950:281852kB;7951:1026576kB;7952:10796kB"
3762.2,6337168,8216340,1319224,3,"7950:281852kB;7951:1026576kB;7952:10796kB"
3767.3,6338232,8216340,1319224,3,"7950:281852kB;7951:1026576kB;7952:10796kB"
3772.3,6338232,8216340,1319224,3,"7950:281852kB;7951:1026576kB;7952:10796kB"
3777.3,6338232,8216340,1319224,3,"7950:281852kB;7951:1026576kB;7952:10796kB"
3782.3,6338232,8216340,1319224,3,"7950:281852kB;7951:1026576kB;7952:10796kB"
3787.3,6336112,8216340,1334808,3,"7950:297436kB;7951:1026576kB;7952:10796kB"
3792.4,6336072,8216340,1334808,3,"7950:297436kB;7951:1026576kB;7952:10796kB"
3797.4,6335064,8216340,1334808,3,"7950:297436kB;7951:1026576kB;7952:10796kB"
3802.4,6335064,8216340,1334808,3,"7950:297436kB;7951:1026576kB;7952:10796kB"
3807.4,6335068,8216340,1334808,3,"7950:297436kB;7951:1026576kB;7952:10796kB"
3812.4,6335068,8216340,1334808,3,"7950:297436kB;7951:1026576kB;7952:10796kB"
3817.5,6335068,8216340,1334808,3,"7950:297436kB;7951:1026576kB;7952:10796kB"
3822.5,6335068,8216340,1334808,3,"7950:297436kB;7951:1026576kB;7952:10796kB"
3827.5,6335068,8216340,1334808,3,"7950:297436kB;7951:1026576kB;7952:10796kB"
3832.5,6335068,8216340,1334808,3,"7950:297436kB;7951:1026576kB;7952:10796kB"
3837.5,6335068,8216340,1334808,3,"7950:297436kB;7951:1026576kB;7952:10796kB"
3842.5,6334816,8216340,1334808,3,"7950:297436kB;7951:1026576kB;7952:10796kB"
3847.6,6334816,8216340,1334808,3,"7950:297436kB;7951:1026576kB;7952:10796kB"
3852.6,6334816,8216340,1334808,3,"7950:297436kB;7951:1026576kB;7952:10796kB"
3857.6,6334816,8216340,1334808,3,"7950:297436kB;7951:1026576kB;7952:10796kB"
3862.6,6334816,8216340,1334808,3,"7950:297436kB;7951:1026576kB;7952:10796kB"
3867.6,6334816,8216340,1334808,3,"7950:297436kB;7951:1026576kB;7952:10796kB"
3872.6,6334816,8216340,1334808,3,"7950:297436kB;7951:1026576kB;7952:10796kB"
3877.7,6334816,8216340,1334812,3,"7950:297436kB;7951:1026576kB;7952:10800kB"
3882.7,6334816,8216340,1334812,3,"7950:297436kB;7951:1026576kB;7952:10800kB"
3887.7,6334816,8216340,1334812,3,"7950:297436kB;7951:1026576kB;7952:10800kB"
3892.7,6334816,8216340,1334812,3,"7950:297436kB;7951:1026576kB;7952:10800kB"
3897.7,6334816,8216340,1334812,3,"7950:297436kB;7951:1026576kB;7952:10800kB"
3902.7,6334816,8216340,1334812,3,"7950:297436kB;7951:1026576kB;7952:10800kB"
3907.7,6334816,8216340,1334812,3,"7950:297436kB;7951:1026576kB;7952:10800kB"
3912.8,6334816,8216340,1334812,3,"7950:297436kB;7951:1026576kB;7952:10800kB"
3917.8,6334816,8216340,1334812,3,"7950:297436kB;7951:1026576kB;7952:10800kB"
3922.8,6334816,8216340,1334812,3,"7950:297436kB;7951:1026576kB;7952:10800kB"
3927.8,6334816,8216340,1334812,3,"7950:297436kB;7951:1026576kB;7952:10800kB"
3932.8,6334816,8216340,1334812,3,"7950:297436kB;7951:1026576kB;7952:10800kB"
3937.9,6334816,8216340,1334812,3,"7950:297436kB;7951:1026576kB;7952:10800kB"
3942.9,6334816,8216340,1334812,3,"7950:297436kB;7951:1026576kB;7952:10800kB"
3947.9,6334816,8216340,1334812,3,"7950:297436kB;7951:1026576kB;7952:10800kB"
3952.9,6334564,8216340,1334812,3,"7950:297436kB;7951:1026576kB;7952:10800kB"
3957.9,6332800,8216340,1334812,3,"7950:297436kB;7951:1026576kB;7952:10800kB"
3962.9,6332800,8216340,1334812,3,"7950:297436kB;7951:1026576kB;7952:10800kB"
3968.0,7279824,8216340,397584,3,"7950:297436kB;7951:89348kB;7952:10800kB"
3973.0,6661316,8216340,1009164,3,"7950:297436kB;7951:700928kB;7952:10800kB"
3978.0,6605876,8216340,1062132,3,"7950:297436kB;7951:753896kB;7952:10800kB"
3983.0,6605876,8216340,1062132,3,"7950:297436kB;7951:753896kB;7952:10800kB"
3988.0,6604112,8216340,1062132,3,"7950:297436kB;7951:753896kB;7952:10800kB"
3993.1,6603356,8216340,1062132,3,"7950:297436kB;7951:753896kB;7952:10800kB"
3998.1,6602600,8216340,1062132,3,"7950:297436kB;7951:753896kB;7952:10800kB"
4003.1,6601340,8216340,1062132,3,"7950:297436kB;7951:753896kB;7952:10800kB"
4008.1,6600584,8216340,1062132,3,"7950:297436kB;7951:753896kB;7952:10800kB"
4013.1,6600584,8216340,1062132,3,"7950:297436kB;7951:753896kB;7952:10800kB"
4018.1,6599576,8216340,1062132,3,"7950:297436kB;7951:753896kB;7952:10800kB"
4023.2,6599576,8216340,1062136,3,"7950:297436kB;7951:753896kB;7952:10804kB"
4028.2,6598064,8216340,1062136,3,"7950:297436kB;7951:753896kB;7952:10804kB"
4033.2,6598064,8216340,1062136,3,"7950:297436kB;7951:753896kB;7952:10804kB"
4038.2,6598064,8216340,1062136,3,"7950:297436kB;7951:753896kB;7952:10804kB"
4043.2,6596300,8216340,1062136,3,"7950:297436kB;7951:753896kB;7952:10804kB"
4048.2,6597544,8216340,1062136,3,"7950:297436kB;7951:753896kB;7952:10804kB"
4053.3,6596396,8216340,1062136,3,"7950:297436kB;7951:753896kB;7952:10804kB"
4058.3,6596396,8216340,1062136,3,"7950:297436kB;7951:753896kB;7952:10804kB"
4063.3,6594536,8216340,1062136,3,"7950:297436kB;7951:753896kB;7952:10804kB"
4068.3,6594536,8216340,1062136,3,"7950:297436kB;7951:753896kB;7952:10804kB"
4073.3,6999412,8216340,676720,3,"7950:297436kB;7951:368480kB;7952:10804kB"
4078.3,6254240,8216340,1411916,3,"7950:297436kB;7951:1103676kB;7952:10804kB"
4083.4,6254136,8216340,1354556,3,"7950:297436kB;7951:1046316kB;7952:10804kB"
4088.4,6253884,8216340,1354556,3,"7950:297436kB;7951:1046316kB;7952:10804kB"
4093.4,6283716,8216340,1354556,3,"7950:297436kB;7951:1046316kB;7952:10804kB"
4098.4,6299484,8216340,1354556,3,"7950:297436kB;7951:1046316kB;7952:10804kB"
4103.4,6299452,8216340,1354556,3,"7950:297436kB;7951:1046316kB;7952:10804kB"
4108.4,6299684,8216340,1354556,3,"7950:297436kB;7951:1046316kB;7952:10804kB"
4113.5,6299460,8216340,1354556,3,"7950:297436kB;7951:1046316kB;7952:10804kB"
4118.5,6299460,8216340,1354556,3,"7950:297436kB;7951:1046316kB;7952:10804kB"
4123.5,6299460,8216340,1354556,3,"7950:297436kB;7951:1046316kB;7952:10804kB"
4128.5,6299460,8216340,1354556,3,"7950:297436kB;7951:1046316kB;7952:10804kB"
4133.5,6299460,8216340,1354560,3,"7950:297436kB;7951:1046316kB;7952:10808kB"
4138.5,6299460,8216340,1354560,3,"7950:297436kB;7951:1046316kB;7952:10808kB"
4143.6,6299460,8216340,1354560,3,"7950:297436kB;7951:1046316kB;7952:10808kB"
4148.6,6299460,8216340,1354560,3,"7950:297436kB;7951:1046316kB;7952:10808kB"
4153.6,6299460,8216340,1354560,3,"7950:297436kB;7951:1046316kB;7952:10808kB"
4158.6,6299460,8216340,1354560,3,"7950:297436kB;7951:1046316kB;7952:10808kB"
4163.6,6299460,8216340,1354560,3,"7950:297436kB;7951:1046316kB;7952:10808kB"
4168.6,6299460,8216340,1354560,3,"7950:297436kB;7951:1046316kB;7952:10808kB"
4173.6,6299460,8216340,1354560,3,"7950:297436kB;7951:1046316kB;7952:10808kB"
4178.7,6299460,8216340,1354560,3,"7950:297436kB;7951:1046316kB;7952:10808kB"
4183.7,6299460,8216340,1354560,3,"7950:297436kB;7951:1046316kB;7952:10808kB"
4188.7,6300572,8216340,1354560,3,"7950:297436kB;7951:1046316kB;7952:10808kB"
4193.7,6300572,8216340,1354688,3,"7950:297436kB;7951:1046444kB;7952:10808kB"
4198.7,6301772,8216340,1354688,3,"7950:297436kB;7951:1046444kB;7952:10808kB"
4203.7,6301772,8216340,1354688,3,"7950:297436kB;7951:1046444kB;7952:10808kB"
4208.8,7031648,8216340,620092,3,"7950:297436kB;7951:311848kB;7952:10808kB"
4213.8,6584080,8216340,1078004,3,"7950:297436kB;7951:769760kB;7952:10808kB"
4218.8,6207076,8216340,1459252,3,"7950:297436kB;7951:1151008kB;7952:10808kB"
4223.8,6199004,8216340,1467596,3,"7950:297436kB;7951:1159352kB;7952:10808kB"
4228.9,6199004,8216340,1467596,3,"7950:297436kB;7951:1159352kB;7952:10808kB"
4233.9,6199004,8216340,1467596,3,"7950:297436kB;7951:1159352kB;7952:10808kB"
4238.9,6199004,8216340,1467596,3,"7950:297436kB;7951:1159352kB;7952:10808kB"
4244.3,6199004,8216340,1467596,3,"7950:297436kB;7951:1159352kB;7952:10808kB"
4249.4,6198248,8216340,1467596,3,"7950:297436kB;7951:1159352kB;7952:10808kB"
4254.4,6198248,8216340,1467596,3,"7950:297436kB;7951:1159352kB;7952:10808kB"
4259.4,6198248,8216340,1467600,3,"7950:297436kB;7951:1159352kB;7952:10812kB"
4264.5,6198248,8216340,1467600,3,"7950:297436kB;7951:1159352kB;7952:10812kB"
4269.5,6198248,8216340,1467600,3,"7950:297436kB;7951:1159352kB;7952:10812kB"
4274.5,6197492,8216340,1467600,3,"7950:297436kB;7951:1159352kB;7952:10812kB"
4279.5,6197492,8216340,1467600,3,"7950:297436kB;7951:1159352kB;7952:10812kB"
4284.5,6197492,8216340,1467600,3,"7950:297436kB;7951:1159352kB;7952:10812kB"
4289.6,6197492,8216340,1467600,3,"7950:297436kB;7951:1159352kB;7952:10812kB"
4294.6,6197492,8216340,1467600,3,"7950:297436kB;7951:1159352kB;7952:10812kB"
4299.6,6197492,8216340,1467600,3,"7950:297436kB;7951:1159352kB;7952:10812kB"
4304.6,6197492,8216340,1467600,3,"7950:297436kB;7951:1159352kB;7952:10812kB"
4309.6,6197492,8216340,1467600,3,"7950:297436kB;7951:1159352kB;7952:10812kB"
4314.6,6197492,8216340,1467600,3,"7950:297436kB;7951:1159352kB;7952:10812kB"
4319.7,6197492,8216340,1467600,3,"7950:297436kB;7951:1159352kB;7952:10812kB"
4324.7,6197492,8216340,1467600,3,"7950:297436kB;7951:1159352kB;7952:10812kB"
4329.7,6197492,8216340,1467600,3,"7950:297436kB;7951:1159352kB;7952:10812kB"
4334.7,6197492,8216340,1467600,3,"7950:297436kB;7951:1159352kB;7952:10812kB"
4339.7,6197244,8216340,1467600,3,"7950:297436kB;7951:1159352kB;7952:10812kB"
4344.8,6197012,8216340,1467600,3,"7950:297436kB;7951:1159352kB;7952:10812kB"
4349.8,6195736,8216340,1467600,3,"7950:297436kB;7951:1159352kB;7952:10812kB"
4354.8,6195736,8216340,1467600,3,"7950:297436kB;7951:1159352kB;7952:10812kB"
4359.8,6195484,8216340,1467600,3,"7950:297436kB;7951:1159352kB;7952:10812kB"
4364.9,6194224,8216340,1467600,3,"7950:297436kB;7951:1159352kB;7952:10812kB"
4369.9,6194224,8216340,1467600,3,"7950:297436kB;7951:1159352kB;7952:10812kB"
4374.9,6194224,8216340,1467600,3,"7950:297436kB;7951:1159352kB;7952:10812kB"
4379.9,6194224,8216340,1467600,3,"7950:297436kB;7951:1159352kB;7952:10812kB"
4384.9,6194224,8216340,1467600,3,"7950:297436kB;7951:1159352kB;7952:10812kB"
4389.9,6950612,8216340,727824,3,"7950:297436kB;7951:419572kB;7952:10816kB"
4394.9,6253832,8216340,1269448,3,"7950:297436kB;7951:961196kB;7952:10816kB"
4400.0,6077104,8216340,1591268,3,"7950:297436kB;7951:1283016kB;7952:10816kB"
4405.0,5974540,8216340,1690944,3,"7950:297436kB;7951:1382692kB;7952:10816kB"
4410.0,5974540,8216340,1690944,3,"7950:297436kB;7951:1382692kB;7952:10816kB"
4415.1,5974540,8216340,1690944,3,"7950:297436kB;7951:1382692kB;7952:10816kB"
4420.1,5974540,8216340,1690944,3,"7950:297436kB;7951:1382692kB;7952:10816kB"
4425.1,5974540,8216340,1690944,3,"7950:297436kB;7951:1382692kB;7952:10816kB"
4430.1,5974540,8216340,1690944,3,"7950:297436kB;7951:1382692kB;7952:10816kB"
4435.1,5972776,8216340,1690944,3,"7950:297436kB;7951:1382692kB;7952:10816kB"
4440.2,5971768,8216340,1690944,3,"7950:297436kB;7951:1382692kB;7952:10816kB"
4445.2,5970760,8216340,1690944,3,"7950:297436kB;7951:1382692kB;7952:10816kB"
4450.2,5970508,8216340,1690944,3,"7950:297436kB;7951:1382692kB;7952:10816kB"
4455.2,5970508,8216340,1690944,3,"7950:297436kB;7951:1382692kB;7952:10816kB"
4460.3,5970508,8216340,1690944,3,"7950:297436kB;7951:1382692kB;7952:10816kB"
4465.3,5969752,8216340,1690944,3,"7950:297436kB;7951:1382692kB;7952:10816kB"
4470.3,5968744,8216340,1690944,3,"7950:297436kB;7951:1382692kB;7952:10816kB"
4475.3,5966584,8216340,1690944,3,"7950:297436kB;7951:1382692kB;7952:10816kB"
4480.3,5966584,8216340,1690944,3,"7950:297436kB;7951:1382692kB;7952:10816kB"
4485.4,5966584,8216340,1690944,3,"7950:297436kB;7951:1382692kB;7952:10816kB"
4490.4,5966332,8216340,1690944,3,"7950:297436kB;7951:1382692kB;7952:10816kB"
4495.4,5965800,8216340,1690944,3,"7950:297436kB;7951:1382692kB;7952:10816kB"
4500.4,5964804,8216340,1690944,3,"7950:297436kB;7951:1382692kB;7952:10816kB"
4505.5,5964860,8216340,1690944,3,"7950:297436kB;7951:1382692kB;7952:10816kB"
4510.5,5964860,8216340,1690944,3,"7950:297436kB;7951:1382692kB;7952:10816kB"
4515.5,5964860,8216340,1690944,3,"7950:297436kB;7951:1382692kB;7952:10816kB"
4520.5,5876352,8216340,1780220,3,"7950:386712kB;7951:1382692kB;7952:10816kB"
4525.5,5586808,8216340,2070480,3,"7950:676972kB;7951:1382692kB;7952:10816kB"
4530.5,5168800,8216340,2328344,3,"7950:934836kB;7951:1382692kB;7952:10816kB"
4535.6,5028936,8216340,2629248,3,"7950:1235736kB;7951:1382692kB;7952:10820kB"
4540.7,4902004,8216340,2754196,3,"7950:1360684kB;7951:1382692kB;7952:10820kB"
4545.7,4902004,8216340,2754196,3,"7950:1360684kB;7951:1382692kB;7952:10820kB"
4550.7,4905944,8216340,2754196,3,"7950:1360684kB;7951:1382692kB;7952:10820kB"
4555.7,4905944,8216340,2754196,3,"7950:1360684kB;7951:1382692kB;7952:10820kB"
4560.7,4903688,8216340,2754196,3,"7950:1360684kB;7951:1382692kB;7952:10820kB"
4565.8,4903688,8216340,2754196,3,"7950:1360684kB;7951:1382692kB;7952:10820kB"
4570.8,4906024,8216340,2754196,3,"7950:1360684kB;7951:1382692kB;7952:10820kB"
4575.8,4906024,8216340,2754196,3,"7950:1360684kB;7951:1382692kB;7952:10820kB"
4580.8,4906024,8216340,2754196,3,"7950:1360684kB;7951:1382692kB;7952:10820kB"
4585.8,6197684,8216340,1453672,3,"7950:60160kB;7951:1382692kB;7952:10820kB"
4590.8,5684356,8216340,1939692,3,"7950:546180kB;7951:1382692kB;7952:10820kB"
4595.9,5394300,8216340,2263324,3,"7950:869812kB;7951:1382692kB;7952:10820kB"
4600.9,5133676,8216340,2520200,3,"7950:1126688kB;7951:1382692kB;7952:10820kB"
4605.9,4908120,8216340,2748384,3,"7950:1354872kB;7951:1382692kB;7952:10820kB"
4611.0,4420776,8216340,3232148,3,"7950:1838508kB;7951:1382820kB;7952:10820kB"
4616.0,4228232,8216340,3292340,3,"7950:1898700kB;7951:1382820kB;7952:10820kB"
4621.0,4264292,8216340,3292344,3,"7950:1898704kB;7951:1382820kB;7952:10820kB"
4626.0,4312928,8216340,3292344,3,"7950:1898704kB;7951:1382820kB;7952:10820kB"
4631.0,5561680,8216340,2088348,3,"7950:1898704kB;7951:178824kB;7952:10820kB"
4636.0,5055832,8216340,2604232,3,"7950:1898704kB;7951:694708kB;7952:10820kB"
4641.1,4620616,8216340,3036644,3,"7950:1898704kB;7951:1127120kB;7952:10820kB"
4646.1,4400368,8216340,3263644,3,"7950:1898704kB;7951:1354116kB;7952:10824kB"
4651.1,3976004,8216340,3688920,3,"7950:1898704kB;7951:1779392kB;7952:10824kB"
4656.1,3694708,8216340,3835960,3,"7950:1898704kB;7951:1926432kB;7952:10824kB"
4661.2,3713348,8216340,3835960,3,"7950:1898704kB;7951:1926432kB;7952:10824kB"
4666.2,3754784,8216340,3835960,3,"7950:1898704kB;7951:1926432kB;7952:10824kB"
4671.2,3794316,8216340,3835960,3,"7950:1898704kB;7951:1926432kB;7952:10824kB"
4676.2,5478316,8216340,2044512,3,"7950:107256kB;7951:1926432kB;7952:10824kB"
4681.3,5327800,8216340,2324756,3,"7950:387500kB;7951:1926432kB;7952:10824kB"
4686.3,5332512,8216340,2324756,3,"7950:387500kB;7951:1926432kB;7952:10824kB"
4691.3,5332512,8216340,2324756,3,"7950:387500kB;7951:1926432kB;7952:10824kB"
4696.3,5331216,8216340,2324756,3,"7950:387500kB;7951:1926432kB;7952:10824kB"
4701.3,5330964,8216340,2324756,3,"7950:387500kB;7951:1926432kB;7952:10824kB"
4706.3,5331216,8216340,2324756,3,"7950:387500kB;7951:1926432kB;7952:10824kB"
4711.4,5331216,8216340,2324756,3,"7950:387500kB;7951:1926432kB;7952:10824kB"
4716.4,5331216,8216340,2324756,3,"7950:387500kB;7951:1926432kB;7952:10824kB"
4721.4,5331216,8216340,2324756,3,"7950:387500kB;7951:1926432kB;7952:10824kB"
4726.4,5332840,8216340,2324756,3,"7950:387500kB;7951:1926432kB;7952:10824kB"
4731.4,5333704,8216340,2324756,3,"7950:387500kB;7951:1926432kB;7952:10824kB"
4736.4,5332948,8216340,2324756,3,"7950:387500kB;7951:1926432kB;7952:10824kB"
4741.5,5332948,8216340,2324756,3,"7950:387500kB;7951:1926432kB;7952:10824kB"
4746.5,5332948,8216340,2324756,3,"7950:387500kB;7951:1926432kB;7952:10824kB"
4751.5,5332948,8216340,2324756,3,"7950:387500kB;7951:1926432kB;7952:10824kB"
4756.5,5332948,8216340,2324756,3,"7950:387500kB;7951:1926432kB;7952:10824kB"
4761.5,5332948,8216340,2324756,3,"7950:387500kB;7951:1926432kB;7952:10824kB"
4766.5,5332948,8216340,2324756,3,"7950:387500kB;7951:1926432kB;7952:10824kB"
4771.5,5332948,8216340,2324760,3,"7950:387500kB;7951:1926432kB;7952:10828kB"
4776.6,5332948,8216340,2324760,3,"7950:387500kB;7951:1926432kB;7952:10828kB"
4781.6,5332572,8216340,2324760,3,"7950:387500kB;7951:1926432kB;7952:10828kB"
4786.6,5332068,8216340,2324760,3,"7950:387500kB;7951:1926432kB;7952:10828kB"
4791.6,5332068,8216340,2324760,3,"7950:387500kB;7951:1926432kB;7952:10828kB"
4796.6,5332068,8216340,2324760,3,"7950:387500kB;7951:1926432kB;7952:10828kB"
4801.7,5332480,8216340,2324760,3,"7950:387500kB;7951:1926432kB;7952:10828kB"
4806.7,5331724,8216340,2324760,3,"7950:387500kB;7951:1926432kB;7952:10828kB"
4811.7,5333140,8216340,2324760,3,"7950:387500kB;7951:1926432kB;7952:10828kB"
4816.7,5332132,8216340,2324760,3,"7950:387500kB;7951:1926432kB;7952:10828kB"
4821.7,5331928,8216340,2324760,3,"7950:387500kB;7951:1926432kB;7952:10828kB"
4826.8,5331616,8216340,2324760,3,"7950:387500kB;7951:1926432kB;7952:10828kB"
4831.8,5331616,8216340,2324760,3,"7950:387500kB;7951:1926432kB;7952:10828kB"
4836.8,5331616,8216340,2324760,3,"7950:387500kB;7951:1926432kB;7952:10828kB"
4841.8,5331616,8216340,2324760,3,"7950:387500kB;7951:1926432kB;7952:10828kB"
4846.8,5331616,8216340,2324760,3,"7950:387500kB;7951:1926432kB;7952:10828kB"
4851.8,5331616,8216340,2324760,3,"7950:387500kB;7951:1926432kB;7952:10828kB"
4856.8,5331616,8216340,2324760,3,"7950:387500kB;7951:1926432kB;7952:10828kB"
4861.9,5331616,8216340,2324760,3,"7950:387500kB;7951:1926432kB;7952:10828kB"
4866.9,5331616,8216340,2324760,3,"7950:387500kB;7951:1926432kB;7952:10828kB"
4871.9,5331616,8216340,2324760,3,"7950:387500kB;7951:1926432kB;7952:10828kB"
4876.9,5328860,8216340,2324760,3,"7950:387500kB;7951:1926432kB;7952:10828kB"
4881.9,5328860,8216340,2324760,3,"7950:387500kB;7951:1926432kB;7952:10828kB"
4886.9,5333216,8216340,2324760,3,"7950:387500kB;7951:1926432kB;7952:10828kB"
4892.0,5332964,8216340,2324760,3,"7950:387500kB;7951:1926432kB;7952:10828kB"
4897.0,5331704,8216340,2324760,3,"7950:387500kB;7951:1926432kB;7952:10828kB"
4902.0,5331704,8216340,2324764,3,"7950:387500kB;7951:1926432kB;7952:10832kB"
4907.0,5331704,8216340,2324764,3,"7950:387500kB;7951:1926432kB;7952:10832kB"
4912.0,5331452,8216340,2324764,3,"7950:387500kB;7951:1926432kB;7952:10832kB"
4917.1,5330352,8216340,2324764,3,"7950:387500kB;7951:1926432kB;7952:10832kB"
4922.1,5330604,8216340,2324764,3,"7950:387500kB;7951:1926432kB;7952:10832kB"
4927.1,5330984,8216340,2324764,3,"7950:387500kB;7951:1926432kB;7952:10832kB"
4932.1,5410020,8216340,2229548,3,"7950:387500kB;7951:1831216kB;7952:10832kB"
4937.1,7119020,8216340,544060,3,"7950:387500kB;7951:145728kB;7952:10832kB"
4942.1,6653288,8216340,985956,3,"7950:387500kB;7951:587624kB;7952:10832kB"
4947.2,6228688,8216340,1423560,3,"7950:387500kB;7951:1025228kB;7952:10832kB"
4952.2,6110044,8216340,1546376,3,"7950:387500kB;7951:1148044kB;7952:10832kB"
4957.2,6082004,8216340,1575056,3,"7950:387500kB;7951:1176724kB;7952:10832kB"
4962.3,6079232,8216340,1575056,3,"7950:387500kB;7951:1176724kB;7952:10832kB"
4967.6,6079232,8216340,1575056,3,"7950:387500kB;7951:1176724kB;7952:10832kB"
4972.6,6078980,8216340,1575056,3,"7950:387500kB;7951:1176724kB;7952:10832kB"
4977.6,6078980,8216340,1575068,3,"7950:387512kB;7951:1176724kB;7952:10832kB"
4982.6,6078728,8216340,1575068,3,"7950:387512kB;7951:1176724kB;7952:10832kB"
4987.7,6078728,8216340,1575068,3,"7950:387512kB;7951:1176724kB;7952:10832kB"
4992.7,6078728,8216340,1575068,3,"7950:387512kB;7951:1176724kB;7952:10832kB"
4997.8,6078728,8216340,1575068,3,"7950:387512kB;7951:1176724kB;7952:10832kB"
5002.8,6078176,8216340,1575068,3,"7950:387512kB;7951:1176724kB;7952:10832kB"
5007.8,6076916,8216340,1575068,3,"7950:387512kB;7951:1176724kB;7952:10832kB"
5012.8,6076916,8216340,1575068,3,"7950:387512kB;7951:1176724kB;7952:10832kB"
5017.8,6077128,8216340,1575068,3,"7950:387512kB;7951:1176724kB;7952:10832kB"
5022.9,6078296,8216340,1575068,3,"7950:387512kB;7951:1176724kB;7952:10832kB"
5027.9,6078296,8216340,1575068,3,"7950:387512kB;7951:1176724kB;7952:10832kB"
5032.9,6081780,8216340,1575068,3,"7950:387512kB;7951:1176724kB;7952:10832kB"
5037.9,6162708,8216340,1476924,3,"7950:289368kB;7951:1176724kB;7952:10832kB"
5042.9,5912948,8216340,1700440,3,"7950:512884kB;7951:1176724kB;7952:10832kB"
5048.0,5912948,8216340,1700444,3,"7950:512884kB;7951:1176724kB;7952:10836kB"
5053.0,5921784,8216340,1700444,3,"7950:512884kB;7951:1176724kB;7952:10836kB"
5058.0,5944684,8216340,1700444,3,"7950:512884kB;7951:1176724kB;7952:10836kB"
5063.0,5945480,8216340,1700444,3,"7950:512884kB;7951:1176724kB;7952:10836kB"
5068.0,6743892,8216340,917720,3,"7950:512884kB;7951:394000kB;7952:10836kB"
5073.0,6326608,8216340,1333748,3,"7950:512884kB;7951:810028kB;7952:10836kB"
5078.1,5928400,8216340,1735424,3,"7950:512884kB;7951:1211704kB;7952:10836kB"
5083.1,5736416,8216340,1923600,3,"7950:512884kB;7951:1399880kB;7952:10836kB"
5088.1,5640344,8216340,2016544,3,"7950:512884kB;7951:1492824kB;7952:10836kB"
5093.1,5640344,8216340,2016548,3,"7950:512884kB;7951:1492828kB;7952:10836kB"
5098.2,5640344,8216340,2016548,3,"7950:512884kB;7951:1492828kB;7952:10836kB"
5103.2,5640344,8216340,2016548,3,"7950:512884kB;7951:1492828kB;7952:10836kB"
5108.2,5640344,8216340,2016548,3,"7950:512884kB;7951:1492828kB;7952:10836kB"
5114.4,5640344,8216340,2016548,3,"7950:512884kB;7951:1492828kB;7952:10836kB"
5119.6,5640344,8216340,2016548,3,"7950:512884kB;7951:1492828kB;7952:10836kB"
5124.6,5640344,8216340,2016548,3,"7950:512884kB;7951:1492828kB;7952:10836kB"
5129.6,5640344,8216340,2016548,3,"7950:512884kB;7951:1492828kB;7952:10836kB"
5134.6,5640344,8216340,2016548,3,"7950:512884kB;7951:1492828kB;7952:10836kB"
5139.7,5642540,8216340,2016548,3,"7950:512884kB;7951:1492828kB;7952:10836kB"
5144.7,5642540,8216340,2016548,3,"7950:512884kB;7951:1492828kB;7952:10836kB"
5149.7,5642544,8216340,2016548,3,"7950:512884kB;7951:1492828kB;7952:10836kB"
5154.7,5642544,8216340,2016548,3,"7950:512884kB;7951:1492828kB;7952:10836kB"
5159.8,5642544,8216340,2016552,3,"7950:512884kB;7951:1492828kB;7952:10840kB"
5164.8,5642548,8216340,2016552,3,"7950:512884kB;7951:1492828kB;7952:10840kB"
5169.8,5642176,8216340,2016552,3,"7950:512884kB;7951:1492828kB;7952:10840kB"
5174.8,5642192,8216340,2016552,3,"7950:512884kB;7951:1492828kB;7952:10840kB"
5179.8,5642192,8216340,2016552,3,"7950:512884kB;7951:1492828kB;7952:10840kB"
5184.8,5642192,8216340,2016552,3,"7950:512884kB;7951:1492828kB;7952:10840kB"
5189.9,5642192,8216340,2016552,3,"7950:512884kB;7951:1492828kB;7952:10840kB"
5194.9,5642192,8216340,2016552,3,"7950:512884kB;7951:1492828kB;7952:10840kB"
5199.9,5646760,8216340,2016552,3,"7950:512884kB;7951:1492828kB;7952:10840kB"
5204.9,5645792,8216340,2016552,3,"7950:512884kB;7951:1492828kB;7952:10840kB"
5209.9,5635676,8216340,2016552,3,"7950:512884kB;7951:1492828kB;7952:10840kB"
5214.9,5635676,8216340,2016552,3,"7950:512884kB;7951:1492828kB;7952:10840kB"
5220.0,5635676,8216340,2016552,3,"7950:512884kB;7951:1492828kB;7952:10840kB"
5225.0,5636796,8216340,2016552,3,"7950:512884kB;7951:1492828kB;7952:10840kB"
5230.0,5636796,8216340,2016680,3,"7950:512884kB;7951:1492956kB;7952:10840kB"
5235.0,5638696,8216340,2016680,3,"7950:512884kB;7951:1492956kB;7952:10840kB"
5240.0,5638696,8216340,2016680,3,"7950:512884kB;7951:1492956kB;7952:10840kB"
5245.1,5638848,8216340,2016680,3,"7950:512884kB;7951:1492956kB;7952:10840kB"
5250.1,6774072,8216340,883484,3,"7950:512884kB;7951:359760kB;7952:10840kB"
5255.1,6020872,8216340,1628584,3,"7950:512884kB;7951:1104860kB;7952:10840kB"
5260.1,5852084,8216340,1800328,3,"7950:512884kB;7951:1276604kB;7952:10840kB"
5265.1,5626040,8216340,2022316,3,"7950:512884kB;7951:1498592kB;7952:10840kB"
5270.2,5250300,8216340,2400912,3,"7950:512884kB;7951:1877188kB;7952:10840kB"
5275.2,4959004,8216340,2564840,3,"7950:512884kB;7951:2041116kB;7952:10840kB"
5280.2,4958500,8216340,2691456,3,"7950:512884kB;7951:2167732kB;7952:10840kB"
5285.2,4961864,8216340,2691460,3,"7950:512884kB;7951:2167732kB;7952:10844kB"
5290.2,4963784,8216340,2691460,3,"7950:512884kB;7951:2167732kB;7952:10844kB"
5295.3,4963784,8216340,2691460,3,"7950:512884kB;7951:2167732kB;7952:10844kB"
5300.3,4963784,8216340,2691460,3,"7950:512884kB;7951:2167732kB;7952:10844kB"
5305.3,4963784,8216340,2691460,3,"7950:512884kB;7951:2167732kB;7952:10844kB"
5310.3,4966340,8216340,2691460,3,"7950:512884kB;7951:2167732kB;7952:10844kB"
5315.3,4966340,8216340,2691460,3,"7950:512884kB;7951:2167732kB;7952:10844kB"
5320.4,4966340,8216340,2691460,3,"7950:512884kB;7951:2167732kB;7952:10844kB"
5325.4,4966340,8216340,2691460,3,"7950:512884kB;7951:2167732kB;7952:10844kB"
5330.4,4966340,8216340,2691460,3,"7950:512884kB;7951:2167732kB;7952:10844kB"
5335.4,4966340,8216340,2691460,3,"7950:512884kB;7951:2167732kB;7952:10844kB"
5340.4,4966340,8216340,2691460,3,"7950:512884kB;7951:2167732kB;7952:10844kB"
5345.4,4966340,8216340,2691460,3,"7950:512884kB;7951:2167732kB;7952:10844kB"
5350.5,4966340,8216340,2691460,3,"7950:512884kB;7951:2167732kB;7952:10844kB"
5355.5,4966340,8216340,2691460,3,"7950:512884kB;7951:2167732kB;7952:10844kB"
5360.5,4966340,8216340,2691460,3,"7950:512884kB;7951:2167732kB;7952:10844kB"
5365.5,4966340,8216340,2691460,3,"7950:512884kB;7951:2167732kB;7952:10844kB"
5370.5,4966340,8216340,2691460,3,"7950:512884kB;7951:2167732kB;7952:10844kB"
5375.5,4970460,8216340,2691460,3,"7950:512884kB;7951:2167732kB;7952:10844kB"
5380.6,4970460,8216340,2691460,3,"7950:512884kB;7951:2167732kB;7952:10844kB"
5385.6,4969956,8216340,2691460,3,"7950:512884kB;7951:2167732kB;7952:10844kB"
5390.6,4969956,8216340,2691460,3,"7950:512884kB;7951:2167732kB;7952:10844kB"
5395.6,4968748,8216340,2691460,3,"7950:512884kB;7951:2167732kB;7952:10844kB"
5400.6,4967848,8216340,2691460,3,"7950:512884kB;7951:2167732kB;7952:10844kB"
5405.6,4967292,8216340,2691460,3,"7950:512884kB;7951:2167732kB;7952:10844kB"
5410.6,4967072,8216340,2691460,3,"7950:512884kB;7951:2167732kB;7952:10844kB"
5415.7,4970884,8216340,2691464,3,"7950:512884kB;7951:2167732kB;7952:10848kB"
5420.7,4970884,8216340,2691464,3,"7950:512884kB;7951:2167732kB;7952:10848kB"
5425.7,4971376,8216340,2691464,3,"7950:512884kB;7951:2167732kB;7952:10848kB"
5430.7,4971376,8216340,2691464,3,"7950:512884kB;7951:2167732kB;7952:10848kB"
5435.7,4970368,8216340,2691464,3,"7950:512884kB;7951:2167732kB;7952:10848kB"
5440.8,4970368,8216340,2691464,3,"7950:512884kB;7951:2167732kB;7952:10848kB"
5445.8,4970368,8216340,2691464,3,"7950:512884kB;7951:2167732kB;7952:10848kB"
5450.8,4969360,8216340,2691464,3,"7950:512884kB;7951:2167732kB;7952:10848kB"
5455.8,4970336,8216340,2691464,3,"7950:512884kB;7951:2167732kB;7952:10848kB"
5460.8,4969328,8216340,2691464,3,"7950:512884kB;7951:2167732kB;7952:10848kB"
5465.9,5169552,8216340,2480304,3,"7950:301724kB;7951:2167732kB;7952:10848kB"
5470.9,4864136,8216340,2740844,3,"7950:562264kB;7951:2167732kB;7952:10848kB"
5475.9,4862616,8216340,2740844,3,"7950:562264kB;7951:2167732kB;7952:10848kB"
5480.9,4878996,8216340,2740844,3,"7950:562264kB;7951:2167732kB;7952:10848kB"
5485.9,6887356,8216340,778860,3,"7950:562264kB;7951:205748kB;7952:10848kB"
5491.0,6477428,8216340,1188916,3,"7950:562264kB;7951:615804kB;7952:10848kB"
5496.0,6477256,8216340,1188916,3,"7950:562264kB;7951:615804kB;7952:10848kB"
5501.0,6477256,8216340,1188916,3,"7950:562264kB;7951:615804kB;7952:10848kB"
5506.0,6477004,8216340,1188916,3,"7950:562264kB;7951:615804kB;7952:10848kB"
5511.0,6479284,8216340,1188916,3,"7950:562264kB;7951:615804kB;7952:10848kB"
5516.0,6479284,8216340,1188916,3,"7950:562264kB;7951:615804kB;7952:10848kB"
5521.1,6479284,8216340,1188916,3,"7950:562264kB;7951:615804kB;7952:10848kB"
5526.1,6479284,8216340,1188916,3,"7950:562264kB;7951:615804kB;7952:10848kB"
5531.1,6479284,8216340,1188916,3,"7950:562264kB;7951:615804kB;7952:10848kB"
5536.1,6479284,8216340,1188916,3,"7950:562264kB;7951:615804kB;7952:10848kB"
5541.1,6479284,8216340,1188916,3,"7950:562264kB;7951:615804kB;7952:10848kB"
5546.1,6479284,8216340,1188916,3,"7950:562264kB;7951:615804kB;7952:10848kB"
5551.2,6479284,8216340,1188916,3,"7950:562264kB;7951:615804kB;7952:10848kB"
5556.2,6479284,8216340,1188916,3,"7950:562264kB;7951:615804kB;7952:10848kB"
5561.2,6479284,8216340,1188920,3,"7950:562264kB;7951:615804kB;7952:10852kB"
5566.2,6479284,8216340,1188920,3,"7950:562264kB;7951:615804kB;7952:10852kB"
5571.2,6479284,8216340,1188920,3,"7950:562264kB;7951:615804kB;7952:10852kB"
5576.2,6479284,8216340,1188920,3,"7950:562264kB;7951:615804kB;7952:10852kB"
5581.2,6479284,8216340,1188920,3,"7950:562264kB;7951:615804kB;7952:10852kB"
5586.3,6479284,8216340,1188920,3,"7950:562264kB;7951:615804kB;7952:10852kB"
5591.3,6479284,8216340,1188920,3,"7950:562264kB;7951:615804kB;7952:10852kB"
5596.3,6479284,8216340,1188920,3,"7950:562264kB;7951:615804kB;7952:10852kB"
5601.3,6479284,8216340,1188920,3,"7950:562264kB;7951:615804kB;7952:10852kB"
5606.3,6479284,8216340,1188920,3,"7950:562264kB;7951:615804kB;7952:10852kB"
5611.4,6479284,8216340,1188920,3,"7950:562264kB;7951:615804kB;7952:10852kB"
5616.4,6479284,8216340,1188920,3,"7950:562264kB;7951:615804kB;7952:10852kB"
5621.4,6479284,8216340,1188920,3,"7950:562264kB;7951:615804kB;7952:10852kB"
5626.4,6479284,8216340,1188920,3,"7950:562264kB;7951:615804kB;7952:10852kB"
5631.4,6479284,8216340,1188920,3,"7950:562264kB;7951:615804kB;7952:10852kB"
5636.4,6474244,8216340,1188920,3,"7950:562264kB;7951:615804kB;7952:10852kB"
5641.5,6473992,8216340,1188920,3,"7950:562264kB;7951:615804kB;7952:10852kB"
5646.5,6473724,8216340,1188920,3,"7950:562264kB;7951:615804kB;7952:10852kB"
5651.5,6473976,8216340,1188920,3,"7950:562264kB;7951:615804kB;7952:10852kB"
5656.5,6473976,8216340,1188920,3,"7950:562264kB;7951:615804kB;7952:10852kB"
5661.5,6472968,8216340,1188920,3,"7950:562264kB;7951:615804kB;7952:10852kB"
5666.5,6472296,8216340,1188920,3,"7950:562264kB;7951:615804kB;7952:10852kB"
5671.6,6472296,8216340,1188924,3,"7950:562264kB;7951:615804kB;7952:10856kB"
5676.6,6474288,8216340,1188924,3,"7950:562264kB;7951:615804kB;7952:10856kB"
5681.6,6473032,8216340,1188924,3,"7950:562264kB;7951:615804kB;7952:10856kB"
5686.6,6473032,8216340,1188924,3,"7950:562264kB;7951:615804kB;7952:10856kB"
5691.6,6473032,8216340,1188924,3,"7950:562264kB;7951:615804kB;7952:10856kB"
5696.6,6473032,8216340,1188924,3,"7950:562264kB;7951:615804kB;7952:10856kB"
5701.7,6473032,8216340,1188924,3,"7950:562264kB;7951:615804kB;7952:10856kB"
5706.7,6473032,8216340,1188924,3,"7950:562264kB;7951:615804kB;7952:10856kB"
5711.7,6473796,8216340,1188924,3,"7950:562264kB;7951:615804kB;7952:10856kB"
5716.7,6473796,8216340,1188924,3,"7950:562264kB;7951:615804kB;7952:10856kB"
5721.7,6472844,8216340,1188924,3,"7950:562264kB;7951:615804kB;7952:10856kB"
5726.8,6472592,8216340,1188924,3,"7950:562264kB;7951:615804kB;7952:10856kB"
5731.8,6474204,8216340,1188924,3,"7950:562264kB;7951:615804kB;7952:10856kB"
5736.8,6474204,8216340,1188924,3,"7950:562264kB;7951:615804kB;7952:10856kB"
5741.8,6472812,8216340,1188924,3,"7950:562264kB;7951:615804kB;7952:10856kB"
5746.8,6472812,8216340,1188924,3,"7950:562264kB;7951:615804kB;7952:10856kB"
5751.8,6473816,8216340,1188924,3,"7950:562264kB;7951:615804kB;7952:10856kB"
5756.9,6473816,8216340,1188924,3,"7950:562264kB;7951:615804kB;7952:10856kB"
5761.9,6471296,8216340,1188924,3,"7950:562264kB;7951:615804kB;7952:10856kB"
5766.9,6471296,8216340,1188924,3,"7950:562264kB;7951:615804kB;7952:10856kB"
5771.9,6471296,8216340,1188924,3,"7950:562264kB;7951:615804kB;7952:10856kB"
5776.9,6471296,8216340,1188924,3,"7950:562264kB;7951:615804kB;7952:10856kB"
5781.9,6469252,8216340,1188924,3,"7950:562264kB;7951:615804kB;7952:10856kB"
5787.0,6465472,8216340,1188924,3,"7950:562264kB;7951:615804kB;7952:10856kB"
5792.0,6465472,8216340,1188924,3,"7950:562264kB;7951:615804kB;7952:10856kB"
5797.0,6465472,8216340,1188928,3,"7950:562264kB;7951:615804kB;7952:10860kB"
5802.0,6465472,8216340,1188928,3,"7950:562264kB;7951:615804kB;7952:10860kB"
5807.0,6465472,8216340,1188928,3,"7950:562264kB;7951:615804kB;7952:10860kB"
5812.0,6465472,8216340,1188928,3,"7950:562264kB;7951:615804kB;7952:10860kB"
5817.1,6465472,8216340,1188928,3,"7950:562264kB;7951:615804kB;7952:10860kB"
5822.1,6465472,8216340,1188928,3,"7950:562264kB;7951:615804kB;7952:10860kB"
5827.1,6465472,8216340,1188928,3,"7950:562264kB;7951:615804kB;7952:10860kB"
5832.1,6465472,8216340,1188928,3,"7950:562264kB;7951:615804kB;7952:10860kB"
5837.1,6467504,8216340,1188928,3,"7950:562264kB;7951:615804kB;7952:10860kB"
5842.1,6467504,8216340,1188928,3,"7950:562264kB;7951:615804kB;7952:10860kB"
5847.2,6467504,8216340,1188928,3,"7950:562264kB;7951:615804kB;7952:10860kB"
5852.5,6467504,8216340,1188928,3,"7950:562264kB;7951:615804kB;7952:10860kB"
5857.7,6467504,8216340,1188928,3,"7950:562264kB;7951:615804kB;7952:10860kB"
5862.7,6467504,8216340,1188928,3,"7950:562264kB;7951:615804kB;7952:10860kB"
5867.8,6467504,8216340,1188928,3,"7950:562264kB;7951:615804kB;7952:10860kB"
5872.8,6467504,8216340,1188928,3,"7950:562264kB;7951:615804kB;7952:10860kB"
5877.8,6467504,8216340,1188928,3,"7950:562264kB;7951:615804kB;7952:10860kB"
5882.8,6467504,8216340,1188928,3,"7950:562264kB;7951:615804kB;7952:10860kB"
5887.9,6467504,8216340,1188928,3,"7950:562264kB;7951:615804kB;7952:10860kB"
5892.9,6467504,8216340,1188928,3,"7950:562264kB;7951:615804kB;7952:10860kB"
5897.9,6467504,8216340,1188928,3,"7950:562264kB;7951:615804kB;7952:10860kB"
5902.9,6467504,8216340,1188928,3,"7950:562264kB;7951:615804kB;7952:10860kB"
5907.9,6467504,8216340,1188928,3,"7950:562264kB;7951:615804kB;7952:10860kB"
5912.9,6467504,8216340,1188928,3,"7950:562264kB;7951:615804kB;7952:10860kB"
5918.0,6467504,8216340,1188928,3,"7950:562264kB;7951:615804kB;7952:10860kB"
5923.0,6467504,8216340,1188928,3,"7950:562264kB;7951:615804kB;7952:10860kB"
5928.0,6467504,8216340,1188932,3,"7950:562264kB;7951:615804kB;7952:10864kB"
5933.0,6467504,8216340,1188932,3,"7950:562264kB;7951:615804kB;7952:10864kB"
5938.0,6467504,8216340,1188932,3,"7950:562264kB;7951:615804kB;7952:10864kB"
5943.0,6469352,8216340,1188932,3,"7950:562264kB;7951:615804kB;7952:10864kB"
5948.1,6469352,8216340,1188932,3,"7950:562264kB;7951:615804kB;7952:10864kB"
5953.1,6472524,8216340,1188932,3,"7950:562264kB;7951:615804kB;7952:10864kB"
5958.1,6472524,8216340,1188932,3,"7950:562264kB;7951:615804kB;7952:10864kB"
5963.1,6471264,8216340,1188932,3,"7950:562264kB;7951:615804kB;7952:10864kB"
5968.1,6471264,8216340,1188932,3,"7950:562264kB;7951:615804kB;7952:10864kB"
5973.1,6471264,8216340,1188932,3,"7950:562264kB;7951:615804kB;7952:10864kB"
5978.2,6471264,8216340,1188932,3,"7950:562264kB;7951:615804kB;7952:10864kB"
5983.2,6715396,8216340,927180,3,"7950:300512kB;7951:615804kB;7952:10864kB"
5988.2,6278232,8216340,1390024,3,"7950:763356kB;7951:615804kB;7952:10864kB"
5993.2,5895448,8216340,1777468,3,"7950:1150800kB;7951:615804kB;7952:10864kB"
5998.2,5635408,8216340,2030236,3,"7950:1403568kB;7951:615804kB;7952:10864kB"
6003.3,5259128,8216340,2408568,3,"7950:1781900kB;7951:615804kB;7952:10864kB"
6008.3,4896692,8216340,2610224,3,"7950:1983556kB;7951:615804kB;7952:10864kB"
6013.3,4888880,8216340,2782696,3,"7950:2156028kB;7951:615804kB;7952:10864kB"
6018.3,4885352,8216340,2782696,3,"7950:2156028kB;7951:615804kB;7952:10864kB"
6023.3,4885352,8216340,2782696,3,"7950:2156028kB;7951:615804kB;7952:10864kB"
6028.4,4884344,8216340,2782696,3,"7950:2156028kB;7951:615804kB;7952:10864kB"
6033.4,4884344,8216340,2782696,3,"7950:2156028kB;7951:615804kB;7952:10864kB"
6038.4,4881572,8216340,2782696,3,"7950:2156028kB;7951:615804kB;7952:10864kB"
6043.4,4881572,8216340,2782696,3,"7950:2156028kB;7951:615804kB;7952:10864kB"
6048.4,4881572,8216340,2782696,3,"7950:2156028kB;7951:615804kB;7952:10864kB"
6053.4,4881572,8216340,2782696,3,"7950:2156028kB;7951:615804kB;7952:10864kB"
6058.5,4881572,8216340,2782696,3,"7950:2156028kB;7951:615804kB;7952:10864kB"
6063.5,4881572,8216340,2782696,3,"7950:2156028kB;7951:615804kB;7952:10864kB"
6068.5,6580000,8216340,1092036,3,"7950:465368kB;7951:615804kB;7952:10864kB"
6073.6,6384612,8216340,1279096,3,"7950:652424kB;7951:615804kB;7952:10868kB"
6078.6,6380832,8216340,1279096,3,"7950:652424kB;7951:615804kB;7952:10868kB"
6083.6,6380832,8216340,1279096,3,"7950:652424kB;7951:615804kB;7952:10868kB"
6088.7,6380832,8216340,1279096,3,"7950:652424kB;7951:615804kB;7952:10868kB"
6093.7,6380832,8216340,1279096,3,"7950:652424kB;7951:615804kB;7952:10868kB"
6098.7,6380076,8216340,1279096,3,"7950:652424kB;7951:615804kB;7952:10868kB"
6103.7,6380076,8216340,1279096,3,"7950:652424kB;7951:615804kB;7952:10868kB"
6108.7,6379572,8216340,1279096,3,"7950:652424kB;7951:615804kB;7952:10868kB"
6113.7,6379572,8216340,1279096,3,"7950:652424kB;7951:615804kB;7952:10868kB"
6118.8,6379572,8216340,1279096,3,"7950:652424kB;7951:615804kB;7952:10868kB"
6123.8,6379572,8216340,1279096,3,"7950:652424kB;7951:615804kB;7952:10868kB"
6128.8,6379572,8216340,1279096,3,"7950:652424kB;7951:615804kB;7952:10868kB"
6133.8,6379572,8216340,1279096,3,"7950:652424kB;7951:615804kB;7952:10868kB"
6138.8,6381680,8216340,1279096,3,"7950:652424kB;7951:615804kB;7952:10868kB"
6143.9,6381680,8216340,1279096,3,"7950:652424kB;7951:615804kB;7952:10868kB"
6148.9,6381680,8216340,1279096,3,"7950:652424kB;7951:615804kB;7952:10868kB"
6153.9,6381680,8216340,1279096,3,"7950:652424kB;7951:615804kB;7952:10868kB"
6158.9,6381680,8216340,1279096,3,"7950:652424kB;7951:615804kB;7952:10868kB"
6163.9,6381680,8216340,1279096,3,"7950:652424kB;7951:615804kB;7952:10868kB"
6168.9,6381680,8216340,1279096,3,"7950:652424kB;7951:615804kB;7952:10868kB"
6173.9,6381680,8216340,1279096,3,"7950:652424kB;7951:615804kB;7952:10868kB"
6179.0,6381680,8216340,1279096,3,"7950:652424kB;7951:615804kB;7952:10868kB"
6184.0,6381680,8216340,1279100,3,"7950:652424kB;7951:615804kB;7952:10872kB"
6189.0,6381680,8216340,1279100,3,"7950:652424kB;7951:615804kB;7952:10872kB"
6194.0,6381680,8216340,1279100,3,"7950:652424kB;7951:615804kB;7952:10872kB"
6199.0,6381680,8216340,1279100,3,"7950:652424kB;7951:615804kB;7952:10872kB"
6204.1,6381680,8216340,1279100,3,"7950:652424kB;7951:615804kB;7952:10872kB"
6209.1,6381680,8216340,1279100,3,"7950:652424kB;7951:615804kB;7952:10872kB"
6214.1,6381680,8216340,1279100,3,"7950:652424kB;7951:615804kB;7952:10872kB"
6219.1,6381680,8216340,1279100,3,"7950:652424kB;7951:615804kB;7952:10872kB"
6224.1,6381684,8216340,1279100,3,"7950:652424kB;7951:615804kB;7952:10872kB"
6229.1,6381684,8216340,1279100,3,"7950:652424kB;7951:615804kB;7952:10872kB"
6234.2,6377400,8216340,1279100,3,"7950:652424kB;7951:615804kB;7952:10872kB"
6239.2,6377400,8216340,1279100,3,"7950:652424kB;7951:615804kB;7952:10872kB"
6244.2,6377400,8216340,1279100,3,"7950:652424kB;7951:615804kB;7952:10872kB"
6249.2,6376352,8216340,1279100,3,"7950:652424kB;7951:615804kB;7952:10872kB"
6254.2,6376352,8216340,1279100,3,"7950:652424kB;7951:615804kB;7952:10872kB"
6259.3,6375996,8216340,1279100,3,"7950:652424kB;7951:615804kB;7952:10872kB"
6264.3,6375996,8216340,1279100,3,"7950:652424kB;7951:615804kB;7952:10872kB"
6269.3,6376400,8216340,1279100,3,"7950:652424kB;7951:615804kB;7952:10872kB"
6274.3,6375392,8216340,1279100,3,"7950:652424kB;7951:615804kB;7952:10872kB"
6279.3,6375364,8216340,1279100,3,"7950:652424kB;7951:615804kB;7952:10872kB"
6284.3,6375364,8216340,1279100,3,"7950:652424kB;7951:615804kB;7952:10872kB"
6289.3,6376644,8216340,1279100,3,"7950:652424kB;7951:615804kB;7952:10872kB"
6294.4,6375384,8216340,1279100,3,"7950:652424kB;7951:615804kB;7952:10872kB"
6299.4,6375996,8216340,1279100,3,"7950:652424kB;7951:615804kB;7952:10872kB"
6304.4,6375744,8216340,1279100,3,"7950:652424kB;7951:615804kB;7952:10872kB"
6309.4,6376964,8216340,1279104,3,"7950:652424kB;7951:615804kB;7952:10876kB"
6314.4,6375956,8216340,1279104,3,"7950:652424kB;7951:615804kB;7952:10876kB"
6319.5,6376404,8216340,1279104,3,"7950:652424kB;7951:615804kB;7952:10876kB"
6324.5,6376404,8216340,1279104,3,"7950:652424kB;7951:615804kB;7952:10876kB"
6329.5,6374992,8216340,1279104,3,"7950:652424kB;7951:615804kB;7952:10876kB"
6334.5,6628904,8216340,1044432,3,"7950:417752kB;7951:615804kB;7952:10876kB"
6339.6,6285860,8216340,1388120,3,"7950:761440kB;7951:615804kB;7952:10876kB"
6344.6,6284096,8216340,1388120,3,"7950:761440kB;7951:615804kB;7952:10876kB"
6349.6,6284096,8216340,1388120,3,"7950:761440kB;7951:615804kB;7952:10876kB"
6354.6,6282092,8216340,1388120,3,"7950:761440kB;7951:615804kB;7952:10876kB"
6359.6,6282092,8216340,1388120,3,"7950:761440kB;7951:615804kB;7952:10876kB"
6364.7,6275544,8216340,1388120,3,"7950:761440kB;7951:615804kB;7952:10876kB"
6369.7,6266732,8216340,1388120,3,"7950:761440kB;7951:615804kB;7952:10876kB"
6374.7,6266732,8216340,1388120,3,"7950:761440kB;7951:615804kB;7952:10876kB"
6379.7,6266732,8216340,1388120,3,"7950:761440kB;7951:615804kB;7952:10876kB"
6384.7,6266732,8216340,1388120,3,"7950:761440kB;7951:615804kB;7952:10876kB"
6389.7,6266732,8216340,1388120,3,"7950:761440kB;7951:615804kB;7952:10876kB"
6394.8,6266732,8216340,1388120,3,"7950:761440kB;7951:615804kB;7952:10876kB"
6399.8,6266732,8216340,1388120,3,"7950:761440kB;7951:615804kB;7952:10876kB"
6404.8,6268292,8216340,1388120,3,"7950:761440kB;7951:615804kB;7952:10876kB"
6409.8,6268292,8216340,1388120,3,"7950:761440kB;7951:615804kB;7952:10876kB"
6414.8,6884072,8216340,772316,2,"7950:761440kB;7952:10876kB"
6419.8,6884072,8216340,772316,2,"7950:761440kB;7952:10876kB"
6424.8,6884072,8216340,772316,2,"7950:761440kB;7952:10876kB"
6429.8,6884072,8216340,772316,2,"7950:761440kB;7952:10876kB"
6434.9,6884072,8216340,772316,2,"7950:761440kB;7952:10876kB"
6439.9,6884072,8216340,772320,2,"7950:761440kB;7952:10880kB"
6444.9,6884072,8216340,772320,2,"7950:761440kB;7952:10880kB"
6449.9,6884072,8216340,772320,2,"7950:761440kB;7952:10880kB"
6454.9,6884072,8216340,772320,2,"7950:761440kB;7952:10880kB"
6459.9,6884072,8216340,772320,2,"7950:761440kB;7952:10880kB"
6464.9,6884072,8216340,772320,2,"7950:761440kB;7952:10880kB"
6469.9,6884072,8216340,772320,2,"7950:761440kB;7952:10880kB"
6474.9,6884072,8216340,772320,2,"7950:761440kB;7952:10880kB"
6479.9,6884072,8216340,772320,2,"7950:761440kB;7952:10880kB"
6484.9,6884072,8216340,772320,2,"7950:761440kB;7952:10880kB"
6490.0,6884072,8216340,772320,2,"7950:761440kB;7952:10880kB"
6495.0,6884072,8216340,772320,2,"7950:761440kB;7952:10880kB"
6500.0,6884072,8216340,772320,2,"7950:761440kB;7952:10880kB"
6505.0,6884072,8216340,772320,2,"7950:761440kB;7952:10880kB"
6510.0,6884076,8216340,772320,2,"7950:761440kB;7952:10880kB"
6515.0,6884084,8216340,772320,2,"7950:761440kB;7952:10880kB"
6520.0,6884084,8216340,772320,2,"7950:761440kB;7952:10880kB"
6525.0,6884084,8216340,772320,2,"7950:761440kB;7952:10880kB"
6530.0,6884084,8216340,772320,2,"7950:761440kB;7952:10880kB"
6535.0,6884084,8216340,772320,2,"7950:761440kB;7952:10880kB"
6540.0,6884084,8216340,772320,2,"7950:761440kB;7952:10880kB"
6545.1,6884084,8216340,772320,2,"7950:761440kB;7952:10880kB"
6550.1,6884084,8216340,772320,2,"7950:761440kB;7952:10880kB"
6555.1,6884084,8216340,772320,2,"7950:761440kB;7952:10880kB"
6560.1,6884084,8216340,772320,2,"7950:761440kB;7952:10880kB"
6565.7,6884084,8216340,772320,2,"7950:761440kB;7952:10880kB"
6570.7,6884084,8216340,772320,2,"7950:761440kB;7952:10880kB"
6575.7,6884084,8216340,772320,2,"7950:761440kB;7952:10880kB"
6580.7,6884084,8216340,772320,2,"7950:761440kB;7952:10880kB"
6585.7,6884084,8216340,772324,2,"7950:761440kB;7952:10884kB"
6590.8,6884084,8216340,772324,2,"7950:761440kB;7952:10884kB"
6595.8,6884084,8216340,772324,2,"7950:761440kB;7952:10884kB"
6600.8,6884084,8216340,772324,2,"7950:761440kB;7952:10884kB"
6605.8,6884084,8216340,772324,2,"7950:761440kB;7952:10884kB"
6610.8,6884084,8216340,772324,2,"7950:761440kB;7952:10884kB"
6615.8,6884084,8216340,772324,2,"7950:761440kB;7952:10884kB"
6620.8,6884084,8216340,772324,2,"7950:761440kB;7952:10884kB"
6625.8,6884084,8216340,772324,2,"7950:761440kB;7952:10884kB"
6630.8,6884084,8216340,772324,2,"7950:761440kB;7952:10884kB"
6635.8,6884084,8216340,772324,2,"7950:761440kB;7952:10884kB"
6640.8,6884084,8216340,772324,2,"7950:761440kB;7952:10884kB"
6645.9,6884084,8216340,772324,2,"7950:761440kB;7952:10884kB"
6650.9,6884084,8216340,772324,2,"7950:761440kB;7952:10884kB"
6655.9,6884084,8216340,772324,2,"7950:761440kB;7952:10884kB"
6660.9,6884084,8216340,772324,2,"7950:761440kB;7952:10884kB"
6665.9,6884084,8216340,772324,2,"7950:761440kB;7952:10884kB"
6670.9,6884084,8216340,772324,2,"7950:761440kB;7952:10884kB"
6675.9,6884084,8216340,772324,2,"7950:761440kB;7952:10884kB"
6680.9,6884084,8216340,772324,2,"7950:761440kB;7952:10884kB"
6685.9,6884084,8216340,772324,2,"7950:761440kB;7952:10884kB"
6690.9,7574400,8216340,85812,2,"7950:74928kB;7952:10884kB"
6695.9,6996704,8216340,659732,2,"7950:648844kB;7952:10888kB"
6700.9,6529156,8216340,1067388,2,"7950:1056500kB;7952:10888kB"
6706.0,6529156,8216340,1067388,2,"7950:1056500kB;7952:10888kB"
6711.0,6544772,8216340,1067388,2,"7950:1056500kB;7952:10888kB"
6716.0,6572128,8216340,1067388,2,"7950:1056500kB;7952:10888kB"
6721.0,6574696,8216340,1067388,2,"7950:1056500kB;7952:10888kB"
6726.0,6574724,8216340,1067388,2,"7950:1056500kB;7952:10888kB"
6731.0,6574908,8216340,1067388,2,"7950:1056500kB;7952:10888kB"
6736.0,6574908,8216340,1067388,2,"7950:1056500kB;7952:10888kB"
6741.0,6574908,8216340,1067388,2,"7950:1056500kB;7952:10888kB"
6746.0,6574908,8216340,1067388,2,"7950:1056500kB;7952:10888kB"
6751.0,6574908,8216340,1067388,2,"7950:1056500kB;7952:10888kB"
6756.0,6574908,8216340,1067388,2,"7950:1056500kB;7952:10888kB"
6761.0,6574908,8216340,1067388,2,"7950:1056500kB;7952:10888kB"
6766.0,6574908,8216340,1067388,2,"7950:1056500kB;7952:10888kB"
6771.1,6574908,8216340,1067388,2,"7950:1056500kB;7952:10888kB"
6776.1,6574908,8216340,1067388,2,"7950:1056500kB;7952:10888kB"
6781.1,6574908,8216340,1067388,2,"7950:1056500kB;7952:10888kB"
6786.1,6574908,8216340,1067388,2,"7950:1056500kB;7952:10888kB"
6791.1,6574908,8216340,1067388,2,"7950:1056500kB;7952:10888kB"
6796.1,6574908,8216340,1067388,2,"7950:1056500kB;7952:10888kB"
6801.1,6574908,8216340,1067388,2,"7950:1056500kB;7952:10888kB"
6806.1,6574908,8216340,1067388,2,"7950:1056500kB;7952:10888kB"
6811.1,6574908,8216340,1067388,2,"7950:1056500kB;7952:10888kB"
6816.1,6574936,8216340,1067388,2,"7950:1056500kB;7952:10888kB"
6821.1,6574936,8216340,1067392,2,"7950:1056500kB;7952:10892kB"
6826.1,6574936,8216340,1067392,2,"7950:1056500kB;7952:10892kB"
6831.2,6574936,8216340,1067392,2,"7950:1056500kB;7952:10892kB"
6836.2,6574716,8216340,1067392,2,"7950:1056500kB;7952:10892kB"
6841.2,6574748,8216340,1067392,2,"7950:1056500kB;7952:10892kB"
6846.2,6574748,8216340,1067392,2,"7950:1056500kB;7952:10892kB"
6851.2,6574748,8216340,1067392,2,"7950:1056500kB;7952:10892kB"
6856.2,6574748,8216340,1067392,2,"7950:1056500kB;7952:10892kB"
6861.2,6574776,8216340,1067392,2,"7950:1056500kB;7952:10892kB"
6866.2,6574776,8216340,1067392,2,"7950:1056500kB;7952:10892kB"
6871.2,6574776,8216340,1067392,2,"7950:1056500kB;7952:10892kB"
6876.2,6574776,8216340,1067392,2,"7950:1056500kB;7952:10892kB"
6881.2,6574776,8216340,1067392,2,"7950:1056500kB;7952:10892kB"
6886.3,6574776,8216340,1067392,2,"7950:1056500kB;7952:10892kB"
6891.3,6574776,8216340,1067392,2,"7950:1056500kB;7952:10892kB"
6896.3,6574776,8216340,1067392,2,"7950:1056500kB;7952:10892kB"
6901.3,6574776,8216340,1067392,2,"7950:1056500kB;7952:10892kB"
6906.3,6574776,8216340,1067392,2,"7950:1056500kB;7952:10892kB"
6911.3,6574776,8216340,1067392,2,"7950:1056500kB;7952:10892kB"
6916.3,6574776,8216340,1067392,2,"7950:1056500kB;7952:10892kB"
6921.3,6574776,8216340,1067392,2,"7950:1056500kB;7952:10892kB"
6926.3,6574776,8216340,1067392,2,"7950:1056500kB;7952:10892kB"
6931.3,6574776,8216340,1067392,2,"7950:1056500kB;7952:10892kB"
6936.4,6574776,8216340,1067392,2,"7950:1056500kB;7952:10892kB"
6941.4,6575120,8216340,1067392,2,"7950:1056500kB;7952:10892kB"
6946.4,6573108,8216340,1067392,2,"7950:1056500kB;7952:10892kB"
6951.4,6573108,8216340,1067396,2,"7950:1056500kB;7952:10896kB"
6956.4,6573108,8216340,1067396,2,"7950:1056500kB;7952:10896kB"
6961.4,6573108,8216340,1067396,2,"7950:1056500kB;7952:10896kB"
6966.4,6573108,8216340,1067396,2,"7950:1056500kB;7952:10896kB"
6971.4,6573108,8216340,1067396,2,"7950:1056500kB;7952:10896kB"
6976.4,6573108,8216340,1067396,2,"7950:1056500kB;7952:10896kB"
6981.4,6573108,8216340,1067396,2,"7950:1056500kB;7952:10896kB"
6986.4,6573108,8216340,1067396,2,"7950:1056500kB;7952:10896kB"
6991.4,6573108,8216340,1067396,2,"7950:1056500kB;7952:10896kB"
6996.5,6573108,8216340,1067396,2,"7950:1056500kB;7952:10896kB"
7001.5,6573108,8216340,1067396,2,"7950:1056500kB;7952:10896kB"
7006.5,6573108,8216340,1067396,2,"7950:1056500kB;7952:10896kB"
7011.5,6573108,8216340,1067396,2,"7950:1056500kB;7952:10896kB"
7016.5,6573108,8216340,1067396,2,"7950:1056500kB;7952:10896kB"
7021.5,6573108,8216340,1067396,2,"7950:1056500kB;7952:10896kB"
7026.5,6573108,8216340,1067396,2,"7950:1056500kB;7952:10896kB"
7031.5,6573108,8216340,1067396,2,"7950:1056500kB;7952:10896kB"
7036.5,6573108,8216340,1067396,2,"7950:1056500kB;7952:10896kB"
7041.5,6573108,8216340,1067396,2,"7950:1056500kB;7952:10896kB"
7046.5,6573108,8216340,1067396,2,"7950:1056500kB;7952:10896kB"
7051.5,6573108,8216340,1067396,2,"7950:1056500kB;7952:10896kB"
7056.6,6573108,8216340,1067396,2,"7950:1056500kB;7952:10896kB"
7061.6,6573108,8216340,1067396,2,"7950:1056500kB;7952:10896kB"
7066.6,6573108,8216340,1067396,2,"7950:1056500kB;7952:10896kB"
7071.6,6573108,8216340,1067396,2,"7950:1056500kB;7952:10896kB"
7076.6,6573108,8216340,1067396,2,"7950:1056500kB;7952:10896kB"
7081.6,6573108,8216340,1067396,2,"7950:1056500kB;7952:10896kB"
7086.6,6573108,8216340,1067396,2,"7950:1056500kB;7952:10896kB"
7091.6,6573108,8216340,1067396,2,"7950:1056500kB;7952:10896kB"
7096.6,6573108,8216340,1067400,2,"7950:1056500kB;7952:10900kB"
7101.6,6573108,8216340,1067400,2,"7950:1056500kB;7952:10900kB"
7106.7,6573108,8216340,1067400,2,"7950:1056500kB;7952:10900kB"
7111.7,6573108,8216340,1067400,2,"7950:1056500kB;7952:10900kB"
7116.7,6573108,8216340,1067400,2,"7950:1056500kB;7952:10900kB"
7121.7,6573108,8216340,1067400,2,"7950:1056500kB;7952:10900kB"
7126.7,6573108,8216340,1067400,2,"7950:1056500kB;7952:10900kB"
7131.7,6573108,8216340,1067400,2,"7950:1056500kB;7952:10900kB"
7136.7,6573108,8216340,1067400,2,"7950:1056500kB;7952:10900kB"
7141.7,6573108,8216340,1067400,2,"7950:1056500kB;7952:10900kB"
7146.7,6573108,8216340,1067400,2,"7950:1056500kB;7952:10900kB"
7151.7,6573108,8216340,1067400,2,"7950:1056500kB;7952:10900kB"
7156.8,6573108,8216340,1067400,2,"7950:1056500kB;7952:10900kB"
7161.8,6573108,8216340,1067400,2,"7950:1056500kB;7952:10900kB"
7166.8,6573112,8216340,1067400,2,"7950:1056500kB;7952:10900kB"
7171.8,7540996,8216340,110136,2,"7950:99236kB;7952:10900kB"
7176.8,6952860,8216340,700212,2,"7950:689312kB;7952:10900kB"
7181.9,6485416,8216340,1160892,2,"7950:1149992kB;7952:10900kB"
7187.0,6420808,8216340,1224424,2,"7950:1213524kB;7952:10900kB"
7192.5,6420808,8216340,1224424,2,"7950:1213524kB;7952:10900kB"
7197.6,6420808,8216340,1224424,2,"7950:1213524kB;7952:10900kB"
7202.6,6420808,8216340,1224424,2,"7950:1213524kB;7952:10900kB"
7207.6,6420812,8216340,1224428,2,"7950:1213524kB;7952:10904kB"
7212.6,6420812,8216340,1224428,2,"7950:1213524kB;7952:10904kB"
7217.6,6420812,8216340,1224432,2,"7950:1213528kB;7952:10904kB"
7222.6,6420812,8216340,1224432,2,"7950:1213528kB;7952:10904kB"
7227.7,6420812,8216340,1224432,2,"7950:1213528kB;7952:10904kB"
7232.7,6420812,8216340,1224432,2,"7950:1213528kB;7952:10904kB"
7237.7,6420812,8216340,1224432,2,"7950:1213528kB;7952:10904kB"
7242.7,6420812,8216340,1224432,2,"7950:1213528kB;7952:10904kB"
7247.7,6420812,8216340,1224432,2,"7950:1213528kB;7952:10904kB"
7252.7,6420812,8216340,1224432,2,"7950:1213528kB;7952:10904kB"
7257.7,6420812,8216340,1224432,2,"7950:1213528kB;7952:10904kB"
7262.7,6420812,8216340,1224432,2,"7950:1213528kB;7952:10904kB"
7267.7,6420812,8216340,1224432,2,"7950:1213528kB;7952:10904kB"
7272.7,6420812,8216340,1224432,2,"7950:1213528kB;7952:10904kB"
7277.7,6420812,8216340,1224432,2,"7950:1213528kB;7952:10904kB"
7282.8,6420812,8216340,1224432,2,"7950:1213528kB;7952:10904kB"
7287.8,6420812,8216340,1224432,2,"7950:1213528kB;7952:10904kB"
7292.8,6420812,8216340,1224432,2,"7950:1213528kB;7952:10904kB"
7297.8,6420816,8216340,1224432,2,"7950:1213528kB;7952:10904kB"
7302.8,6420816,8216340,1224432,2,"7950:1213528kB;7952:10904kB"
7307.8,6420816,8216340,1224432,2,"7950:1213528kB;7952:10904kB"
7312.8,6420816,8216340,1224432,2,"7950:1213528kB;7952:10904kB"
7317.8,6420816,8216340,1224432,2,"7950:1213528kB;7952:10904kB"
7322.8,6420816,8216340,1224432,2,"7950:1213528kB;7952:10904kB"
7327.8,6420816,8216340,1224432,2,"7950:1213528kB;7952:10904kB"
7332.8,6420816,8216340,1224436,2,"7950:1213528kB;7952:10908kB"
7337.9,6420816,8216340,1224436,2,"7950:1213528kB;7952:10908kB"
7342.9,6420816,8216340,1224436,2,"7950:1213528kB;7952:10908kB"
7347.9,6422372,8216340,1224436,2,"7950:1213528kB;7952:10908kB"
7352.9,6422372,8216340,1224436,2,"7950:1213528kB;7952:10908kB"
7357.9,6422372,8216340,1224436,2,"7950:1213528kB;7952:10908kB"
7362.9,6422372,8216340,1224436,2,"7950:1213528kB;7952:10908kB"
7367.9,6422372,8216340,1224436,2,"7950:1213528kB;7952:10908kB"
7372.9,6422372,8216340,1224436,2,"7950:1213528kB;7952:10908kB"
7377.9,6422372,8216340,1224436,2,"7950:1213528kB;7952:10908kB"
7382.9,6422372,8216340,1224436,2,"7950:1213528kB;7952:10908kB"
7388.0,6422372,8216340,1224436,2,"7950:1213528kB;7952:10908kB"
7393.0,6422372,8216340,1224436,2,"7950:1213528kB;7952:10908kB"
7398.0,6422372,8216340,1224436,2,"7950:1213528kB;7952:10908kB"
7403.0,6422372,8216340,1224436,2,"7950:1213528kB;7952:10908kB"
7408.0,6422372,8216340,1224436,2,"7950:1213528kB;7952:10908kB"
7413.0,6422372,8216340,1224436,2,"7950:1213528kB;7952:10908kB"
7418.0,6422372,8216340,1224436,2,"7950:1213528kB;7952:10908kB"
7423.0,6422372,8216340,1224436,2,"7950:1213528kB;7952:10908kB"
7428.0,6422372,8216340,1224436,2,"7950:1213528kB;7952:10908kB"
7433.0,6422372,8216340,1224436,2,"7950:1213528kB;7952:10908kB"
7438.0,6422372,8216340,1224436,2,"7950:1213528kB;7952:10908kB"
7443.1,6424196,8216340,1224436,2,"7950:1213528kB;7952:10908kB"
7448.1,6424068,8216340,1224436,2,"7950:1213528kB;7952:10908kB"
7453.1,6421552,8216340,1224436,2,"7950:1213528kB;7952:10908kB"
7458.1,6421552,8216340,1224436,2,"7950:1213528kB;7952:10908kB"
7463.1,6421552,8216340,1224440,2,"7950:1213528kB;7952:10912kB"
7468.1,6421552,8216340,1224440,2,"7950:1213528kB;7952:10912kB"
7473.1,6421552,8216340,1224440,2,"7950:1213528kB;7952:10912kB"
7478.1,6421552,8216340,1224440,2,"7950:1213528kB;7952:10912kB"
7483.1,6421552,8216340,1224440,2,"7950:1213528kB;7952:10912kB"
7488.2,6421552,8216340,1224440,2,"7950:1213528kB;7952:10912kB"
7493.2,6421552,8216340,1224440,2,"7950:1213528kB;7952:10912kB"
7498.2,6421556,8216340,1224440,2,"7950:1213528kB;7952:10912kB"
7503.2,6421556,8216340,1224440,2,"7950:1213528kB;7952:10912kB"
7508.2,6421556,8216340,1224440,2,"7950:1213528kB;7952:10912kB"
7513.2,6421556,8216340,1224440,2,"7950:1213528kB;7952:10912kB"
7518.2,6421556,8216340,1224440,2,"7950:1213528kB;7952:10912kB"
7523.2,6421556,8216340,1224440,2,"7950:1213528kB;7952:10912kB"
7528.2,6421556,8216340,1224440,2,"7950:1213528kB;7952:10912kB"
7533.2,6421556,8216340,1224440,2,"7950:1213528kB;7952:10912kB"
7538.2,6421556,8216340,1224440,2,"7950:1213528kB;7952:10912kB"
7543.3,6421556,8216340,1224440,2,"7950:1213528kB;7952:10912kB"
7548.3,6421556,8216340,1224440,2,"7950:1213528kB;7952:10912kB"
7553.3,6421556,8216340,1224440,2,"7950:1213528kB;7952:10912kB"
7558.3,6421556,8216340,1224440,2,"7950:1213528kB;7952:10912kB"
7563.3,6421556,8216340,1224440,2,"7950:1213528kB;7952:10912kB"
7568.3,6421556,8216340,1224440,2,"7950:1213528kB;7952:10912kB"
7573.3,6421556,8216340,1224440,2,"7950:1213528kB;7952:10912kB"
7578.3,6421556,8216340,1224440,2,"7950:1213528kB;7952:10912kB"
7583.3,6421556,8216340,1224440,2,"7950:1213528kB;7952:10912kB"
7588.3,6421556,8216340,1224440,2,"7950:1213528kB;7952:10912kB"
7593.3,6421556,8216340,1224440,2,"7950:1213528kB;7952:10912kB"
7598.4,6421556,8216340,1224440,2,"7950:1213528kB;7952:10912kB"
7603.4,6421556,8216340,1224440,2,"7950:1213528kB;7952:10912kB"
7608.4,6421556,8216340,1224444,2,"7950:1213528kB;7952:10916kB"
7613.4,6421556,8216340,1224444,2,"7950:1213528kB;7952:10916kB"
7618.4,6421556,8216340,1224444,2,"7950:1213528kB;7952:10916kB"
7623.4,6421556,8216340,1224444,2,"7950:1213528kB;7952:10916kB"
7628.4,6421556,8216340,1224444,2,"7950:1213528kB;7952:10916kB"
7633.4,6421556,8216340,1224444,2,"7950:1213528kB;7952:10916kB"
7638.4,6421556,8216340,1224444,2,"7950:1213528kB;7952:10916kB"
7643.4,6421556,8216340,1224444,2,"7950:1213528kB;7952:10916kB"
7648.4,6421556,8216340,1224444,2,"7950:1213528kB;7952:10916kB"
7653.4,6421556,8216340,1224444,2,"7950:1213528kB;7952:10916kB"
7658.5,6421556,8216340,1224444,2,"7950:1213528kB;7952:10916kB"
7663.5,6421556,8216340,1224444,2,"7950:1213528kB;7952:10916kB"
7668.5,6421556,8216340,1224444,2,"7950:1213528kB;7952:10916kB"
7673.5,6421556,8216340,1224444,2,"7950:1213528kB;7952:10916kB"
7678.5,6421556,8216340,1224444,2,"7950:1213528kB;7952:10916kB"
7683.5,6421556,8216340,1224444,2,"7950:1213528kB;7952:10916kB"
7688.5,6421556,8216340,1224444,2,"7950:1213528kB;7952:10916kB"
7693.5,6421556,8216340,1224444,2,"7950:1213528kB;7952:10916kB"
7698.5,6421556,8216340,1224444,2,"7950:1213528kB;7952:10916kB"
7703.5,6421556,8216340,1224444,2,"7950:1213528kB;7952:10916kB"
7708.5,6421556,8216340,1224444,2,"7950:1213528kB;7952:10916kB"
7713.5,6421556,8216340,1224444,2,"7950:1213528kB;7952:10916kB"
7718.6,6421556,8216340,1224448,2,"7950:1213528kB;7952:10920kB"
7723.6,6421556,8216340,1224448,2,"7950:1213528kB;7952:10920kB"
7728.6,6421556,8216340,1224448,2,"7950:1213528kB;7952:10920kB"
7733.6,6421556,8216340,1224448,2,"7950:1213528kB;7952:10920kB"
7738.6,6421556,8216340,1224448,2,"7950:1213528kB;7952:10920kB"
7743.6,6421556,8216340,1224448,2,"7950:1213528kB;7952:10920kB"
7748.6,6421556,8216340,1224448,2,"7950:1213528kB;7952:10920kB"
7753.6,6421556,8216340,1224448,2,"7950:1213528kB;7952:10920kB"
7758.6,6421556,8216340,1224448,2,"7950:1213528kB;7952:10920kB"
7763.6,6421556,8216340,1224448,2,"7950:1213528kB;7952:10920kB"
7768.6,6421556,8216340,1224448,2,"7950:1213528kB;7952:10920kB"
7773.7,6421556,8216340,1224448,2,"7950:1213528kB;7952:10920kB"
7778.7,6421556,8216340,1224448,2,"7950:1213528kB;7952:10920kB"
7783.7,6421556,8216340,1224448,2,"7950:1213528kB;7952:10920kB"
7788.7,6421556,8216340,1224448,2,"7950:1213528kB;7952:10920kB"
7793.7,6421556,8216340,1224448,2,"7950:1213528kB;7952:10920kB"
7798.7,6421556,8216340,1224448,2,"7950:1213528kB;7952:10920kB"
7803.7,6421556,8216340,1224448,2,"7950:1213528kB;7952:10920kB"
7808.7,6421556,8216340,1224448,2,"7950:1213528kB;7952:10920kB"
7813.7,6421556,8216340,1224448,2,"7950:1213528kB;7952:10920kB"
7818.7,6421556,8216340,1224448,2,"7950:1213528kB;7952:10920kB"
7823.7,6421560,8216340,1224448,2,"7950:1213528kB;7952:10920kB"
7828.7,6421560,8216340,1224448,2,"7950:1213528kB;7952:10920kB"
7833.8,6421560,8216340,1224448,2,"7950:1213528kB;7952:10920kB"
7838.8,6421560,8216340,1224448,2,"7950:1213528kB;7952:10920kB"
7843.8,6417780,8216340,1224452,2,"7950:1213528kB;7952:10924kB"
7848.8,6417780,8216340,1224452,2,"7950:1213528kB;7952:10924kB"
7853.8,6417788,8216340,1224452,2,"7950:1213528kB;7952:10924kB"
7858.8,6415080,8216340,1224452,2,"7950:1213528kB;7952:10924kB"
7863.8,7621200,8216340,10924,1,"7952:10924kB"
7868.8,7625172,8216340,10924,1,"7952:10924kB"
7873.8,7630372,8216340,10924,1,"7952:10924kB"
7878.9,7630372,8216340,10924,1,"7952:10924kB"
7883.9,7630372,8216340,10924,1,"7952:10924kB"
7888.9,7630372,8216340,10924,1,"7952:10924kB"
7893.9,7631276,8216340,10924,1,"7952:10924kB"
7898.9,7631276,8216340,10924,1,"7952:10924kB"
7903.9,7631276,8216340,10924,1,"7952:10924kB"
7908.9,7631276,8216340,10924,1,"7952:10924kB"
7913.9,7631276,8216340,10924,1,"7952:10924kB"
7918.9,7631276,8216340,10924,1,"7952:10924kB"
7923.9,7631276,8216340,10924,1,"7952:10924kB"
7928.9,7636336,8216340,10924,1,"7952:10924kB"
7933.9,7636336,8216340,10924,1,"7952:10924kB"
7939.0,7636336,8216340,10924,1,"7952:10924kB"
7944.0,7636336,8216340,10924,1,"7952:10924kB"
7949.0,7636336,8216340,10924,1,"7952:10924kB"
7954.0,7636336,8216340,10924,1,"7952:10924kB"
7959.0,7636336,8216340,10924,1,"7952:10924kB"
7964.0,7636336,8216340,10924,1,"7952:10924kB"
7969.0,7636336,8216340,10924,1,"7952:10924kB"
7974.0,7636336,8216340,10928,1,"7952:10928kB"
7979.0,7636336,8216340,10928,1,"7952:10928kB"
7984.0,7636336,8216340,10928,1,"7952:10928kB"
7989.1,7636336,8216340,10928,1,"7952:10928kB"
7995.2,7636336,8216340,10928,1,"7952:10928kB"
8000.3,7636336,8216340,10928,1,"7952:10928kB"
8005.3,7636336,8216340,10928,1,"7952:10928kB"
8010.3,7636336,8216340,10928,1,"7952:10928kB"
8015.3,7636336,8216340,10928,1,"7952:10928kB"
8020.3,7636336,8216340,10928,1,"7952:10928kB"
8025.3,7636336,8216340,10928,1,"7952:10928kB"
8030.3,7636336,8216340,10928,1,"7952:10928kB"
8035.3,7636336,8216340,10928,1,"7952:10928kB"
8040.3,7636336,8216340,10928,1,"7952:10928kB"
8045.3,7636336,8216340,10928,1,"7952:10928kB"
8050.4,7636336,8216340,10928,1,"7952:10928kB"
8055.4,7636336,8216340,10928,1,"7952:10928kB"
8060.4,7636336,8216340,10928,1,"7952:10928kB"
8065.4,7636980,8216340,10928,1,"7952:10928kB"
8070.4,7637232,8216340,10928,1,"7952:10928kB"
8075.4,7640516,8216340,10928,1,"7952:10928kB"
8080.4,7640516,8216340,10928,1,"7952:10928kB"
8085.4,7642324,8216340,10928,1,"7952:10928kB"
8090.4,7642324,8216340,10928,1,"7952:10928kB"
8095.4,7642324,8216340,10928,1,"7952:10928kB"
8100.5,7642324,8216340,10928,1,"7952:10928kB"
8105.5,7642324,8216340,10928,1,"7952:10928kB"
8110.5,7642324,8216340,10928,1,"7952:10928kB"
8115.5,7642324,8216340,10928,1,"7952:10928kB"
8120.5,7642324,8216340,10932,1,"7952:10932kB"
8125.5,7642324,8216340,10932,1,"7952:10932kB"
8130.5,7642324,8216340,10932,1,"7952:10932kB"
8135.5,7642324,8216340,10932,1,"7952:10932kB"
8140.5,7642072,8216340,10932,1,"7952:10932kB"
8145.5,7642072,8216340,10932,1,"7952:10932kB"
8150.5,7640056,8216340,10932,1,"7952:10932kB"
8155.5,7639804,8216340,10932,1,"7952:10932kB"
8160.5,7639804,8216340,10932,1,"7952:10932kB"
8165.6,7639804,8216340,10932,1,"7952:10932kB"
8170.6,7639804,8216340,10932,1,"7952:10932kB"
8175.6,7639804,8216340,10932,1,"7952:10932kB"
8180.6,7639804,8216340,10932,1,"7952:10932kB"
8185.6,7639804,8216340,10932,1,"7952:10932kB"
8190.6,7639804,8216340,10932,1,"7952:10932kB"
8195.6,7639804,8216340,10932,1,"7952:10932kB"
8200.6,7642148,8216340,10932,1,"7952:10932kB"
8205.6,7642148,8216340,10932,1,"7952:10932kB"
8210.6,7642148,8216340,10932,1,"7952:10932kB"
8215.6,7642148,8216340,10932,1,"7952:10932kB"
8220.6,7642148,8216340,10932,1,"7952:10932kB"
8225.7,7641896,8216340,10932,1,"7952:10932kB"
8230.7,7641896,8216340,10936,1,"7952:10936kB"
8235.7,7641896,8216340,10936,1,"7952:10936kB"
8240.7,7641896,8216340,10936,1,"7952:10936kB"
8245.7,7641900,8216340,10936,1,"7952:10936kB"
8250.7,7641904,8216340,10936,1,"7952:10936kB"
8255.7,7641904,8216340,10936,1,"7952:10936kB"
8260.7,7641904,8216340,10936,1,"7952:10936kB"
8265.7,7641904,8216340,10936,1,"7952:10936kB"
8270.7,7640644,8216340,10936,1,"7952:10936kB"
8275.7,7640644,8216340,10936,1,"7952:10936kB"
8280.7,7640644,8216340,10936,1,"7952:10936kB"
8285.7,7640644,8216340,10936,1,"7952:10936kB"
8290.8,7640644,8216340,10936,1,"7952:10936kB"
8295.8,7640644,8216340,10936,1,"7952:10936kB"
8300.8,7640644,8216340,10936,1,"7952:10936kB"
8305.8,7640644,8216340,10936,1,"7952:10936kB"
8310.8,7640648,8216340,10936,1,"7952:10936kB"
8315.8,7640648,8216340,10936,1,"7952:10936kB"
8320.8,7640648,8216340,10936,1,"7952:10936kB"
8325.8,7640648,8216340,10936,1,"7952:10936kB"
8330.8,7639768,8216340,10936,1,"7952:10936kB"
8335.8,7639768,8216340,10936,1,"7952:10936kB"
8340.8,7640296,8216340,10936,1,"7952:10936kB"
8345.8,7640296,8216340,10936,1,"7952:10936kB"
8350.8,7641360,8216340,10936,1,"7952:10936kB"
8355.9,7641360,8216340,10940,1,"7952:10940kB"
8360.9,7641136,8216340,10940,1,"7952:10940kB"
8365.9,7641140,8216340,10940,1,"7952:10940kB"
