t_s,mem_available_kb,mem_total_kb,matching_rss_kb,n_matching,detail
0.1,7382228,8216340,333664,4,"4713:6208kB;5069:166988kB;5070:150000kB;5072:10468kB"
5.1,6976688,8216340,682496,4,"4713:6208kB;5069:476856kB;5070:188764kB;5072:10668kB"
10.1,6952896,8216340,705448,4,"4713:6208kB;5069:499808kB;5070:188764kB;5072:10668kB"
15.1,6979756,8216340,699240,3,"5069:499808kB;5070:188764kB;5072:10668kB"
20.1,6981416,8216340,699240,3,"5069:499808kB;5070:188764kB;5072:10668kB"
25.2,6978904,8216340,699240,3,"5069:499808kB;5070:188764kB;5072:10668kB"
30.2,6978904,8216340,699240,3,"5069:499808kB;5070:188764kB;5072:10668kB"
35.2,6978904,8216340,699244,3,"5069:499808kB;5070:188764kB;5072:10672kB"
40.2,6978904,8216340,699244,3,"5069:499808kB;5070:188764kB;5072:10672kB"
45.2,6978904,8216340,699248,3,"5069:499808kB;5070:188764kB;5072:10676kB"
50.2,6978904,8216340,699248,3,"5069:499808kB;5070:188764kB;5072:10676kB"
55.2,6978904,8216340,699248,3,"5069:499808kB;5070:188764kB;5072:10676kB"
60.2,6978904,8216340,699248,3,"5069:499808kB;5070:188764kB;5072:10676kB"
65.3,6978904,8216340,699248,3,"5069:499808kB;5070:188764kB;5072:10676kB"
70.3,6978904,8216340,699248,3,"5069:499808kB;5070:188764kB;5072:10676kB"
75.3,6978896,8216340,699248,3,"5069:499808kB;5070:188764kB;5072:10676kB"
80.3,7135680,8216340,546436,3,"5069:346996kB;5070:188764kB;5072:10676kB"
85.3,6935028,8216340,752596,3,"5069:553156kB;5070:188764kB;5072:10676kB"
90.3,6933528,8216340,752596,3,"5069:553156kB;5070:188764kB;5072:10676kB"
95.4,6933528,8216340,752596,3,"5069:553156kB;5070:188764kB;5072:10676kB"
100.4,6933528,8216340,752596,3,"5069:553156kB;5070:188764kB;5072:10676kB"
105.4,6933528,8216340,752596,3,"5069:553156kB;5070:188764kB;5072:10676kB"
110.4,6933528,8216340,752596,3,"5069:553156kB;5070:188764kB;5072:10676kB"
115.4,6933528,8216340,752596,3,"5069:553156kB;5070:188764kB;5072:10676kB"
120.4,6933528,8216340,752596,3,"5069:553156kB;5070:188764kB;5072:10676kB"
125.4,6933528,8216340,752596,3,"5069:553156kB;5070:188764kB;5072:10676kB"
130.5,6933528,8216340,752596,3,"5069:553156kB;5070:188764kB;5072:10676kB"
135.5,6933528,8216340,752596,3,"5069:553156kB;5070:188764kB;5072:10676kB"
140.5,6933528,8216340,752596,3,"5069:553156kB;5070:188764kB;5072:10676kB"
145.5,6933528,8216340,752596,3,"5069:553156kB;5070:188764kB;5072:10676kB"
150.5,6932772,8216340,752596,3,"5069:553156kB;5070:188764kB;5072:10676kB"
155.5,6932772,8216340,752596,3,"5069:553156kB;5070:188764kB;5072:10676kB"
160.5,6932772,8216340,752600,3,"5069:553156kB;5070:188764kB;5072:10680kB"
165.6,6997564,8216340,690872,3,"5069:491428kB;5070:188764kB;5072:10680kB"
170.6,6916828,8216340,765464,3,"5069:566020kB;5070:188764kB;5072:10680kB"
175.6,6916828,8216340,765464,3,"5069:566020kB;5070:188764kB;5072:10680kB"
180.6,6916828,8216340,765464,3,"5069:566020kB;5070:188764kB;5072:10680kB"
185.6,6916828,8216340,765464,3,"5069:566020kB;5070:188764kB;5072:10680kB"
190.6,6916828,8216340,765464,3,"5069:566020kB;5070:188764kB;5072:10680kB"
195.7,6835820,8216340,811336,3,"5069:566020kB;5070:234636kB;5072:10680kB"
200.7,6835820,8216340,811336,3,"5069:566020kB;5070:234636kB;5072:10680kB"
205.7,6838844,8216340,811340,3,"5069:566020kB;5070:234636kB;5072:10684kB"
210.7,6849064,8216340,811340,3,"5069:566020kB;5070:234636kB;5072:10684kB"
215.7,6850908,8216340,811340,3,"5069:566020kB;5070:234636kB;5072:10684kB"
220.7,6850656,8216340,811344,3,"5069:566020kB;5070:234636kB;5072:10688kB"
225.7,6850656,8216340,811344,3,"5069:566020kB;5070:234636kB;5072:10688kB"
230.8,6850656,8216340,811344,3,"5069:566020kB;5070:234636kB;5072:10688kB"
235.8,6850656,8216340,811344,3,"5069:566020kB;5070:234636kB;5072:10688kB"
240.8,6850656,8216340,811344,3,"5069:566020kB;5070:234636kB;5072:10688kB"
245.8,6854800,8216340,811344,3,"5069:566020kB;5070:234636kB;5072:10688kB"
250.8,7114100,8216340,568524,3,"5069:323200kB;5070:234636kB;5072:10688kB"
255.8,6855760,8216340,824552,3,"5069:579228kB;5070:234636kB;5072:10688kB"
260.8,6855760,8216340,824552,3,"5069:579228kB;5070:234636kB;5072:10688kB"
265.9,6855760,8216340,824552,3,"5069:579228kB;5070:234636kB;5072:10688kB"
270.9,6855760,8216340,824552,3,"5069:579228kB;5070:234636kB;5072:10688kB"
275.9,6855764,8216340,824552,3,"5069:579228kB;5070:234636kB;5072:10688kB"
280.9,6855764,8216340,824552,3,"5069:579228kB;5070:234636kB;5072:10688kB"
285.9,6855764,8216340,824552,3,"5069:579228kB;5070:234636kB;5072:10688kB"
290.9,6855764,8216340,824556,3,"5069:579228kB;5070:234636kB;5072:10692kB"
295.9,6855764,8216340,824556,3,"5069:579228kB;5070:234636kB;5072:10692kB"
300.9,6855764,8216340,824556,3,"5069:579228kB;5070:234636kB;5072:10692kB"
306.0,6855764,8216340,824556,3,"5069:579228kB;5070:234636kB;5072:10692kB"
311.0,6855764,8216340,824556,3,"5069:579228kB;5070:234636kB;5072:10692kB"
316.0,6855764,8216340,824556,3,"5069:579228kB;5070:234636kB;5072:10692kB"
321.0,6855764,8216340,824556,3,"5069:579228kB;5070:234636kB;5072:10692kB"
326.0,6855764,8216340,824556,3,"5069:579228kB;5070:234636kB;5072:10692kB"
331.0,6855764,8216340,824556,3,"5069:579228kB;5070:234636kB;5072:10692kB"
336.0,6855764,8216340,824556,3,"5069:579228kB;5070:234636kB;5072:10692kB"
341.0,6855764,8216340,824556,3,"5069:579228kB;5070:234636kB;5072:10692kB"
346.1,6934456,8216340,752020,3,"5069:506692kB;5070:234636kB;5072:10692kB"
351.1,6533228,8216340,1001968,3,"5069:756640kB;5070:234636kB;5072:10692kB"
356.1,6543920,8216340,1001968,3,"5069:756640kB;5070:234636kB;5072:10692kB"
361.1,6588856,8216340,1001968,3,"5069:756640kB;5070:234636kB;5072:10692kB"
366.1,6630836,8216340,1001972,3,"5069:756640kB;5070:234636kB;5072:10696kB"
371.1,6664832,8216340,1001972,3,"5069:756640kB;5070:234636kB;5072:10696kB"
376.2,6676188,8216340,1001972,3,"5069:756640kB;5070:234636kB;5072:10696kB"
381.2,6676832,8216340,1001972,3,"5069:756640kB;5070:234636kB;5072:10696kB"
386.2,6676384,8216340,1001972,3,"5069:756640kB;5070:234636kB;5072:10696kB"
391.2,6683752,8216340,1001972,3,"5069:756640kB;5070:234636kB;5072:10696kB"
396.2,6671304,8216340,1007344,3,"5069:756640kB;5070:240008kB;5072:10696kB"
401.2,6670548,8216340,1007344,3,"5069:756640kB;5070:240008kB;5072:10696kB"
406.3,6668784,8216340,1007344,3,"5069:756640kB;5070:240008kB;5072:10696kB"
411.3,6676488,8216340,1007344,3,"5069:756640kB;5070:240008kB;5072:10696kB"
416.3,6678372,8216340,1007344,3,"5069:756640kB;5070:240008kB;5072:10696kB"
421.3,6677616,8216340,1007344,3,"5069:756640kB;5070:240008kB;5072:10696kB"
426.3,6680988,8216340,1007344,3,"5069:756640kB;5070:240008kB;5072:10696kB"
431.3,6679728,8216340,1007344,3,"5069:756640kB;5070:240008kB;5072:10696kB"
436.3,7017228,8216340,670460,3,"5069:419756kB;5070:240008kB;5072:10696kB"
441.4,6622824,8216340,1058100,3,"5069:807392kB;5070:240008kB;5072:10700kB"
446.4,6519932,8216340,1021288,3,"5069:770580kB;5070:240008kB;5072:10700kB"
451.4,6558844,8216340,1021288,3,"5069:770580kB;5070:240008kB;5072:10700kB"
456.4,6601412,8216340,1021288,3,"5069:770580kB;5070:240008kB;5072:10700kB"
461.4,6634344,8216340,1021288,3,"5069:770580kB;5070:240008kB;5072:10700kB"
466.4,6643700,8216340,1021288,3,"5069:770580kB;5070:240008kB;5072:10700kB"
471.4,6643788,8216340,1021288,3,"5069:770580kB;5070:240008kB;5072:10700kB"
476.5,6646364,8216340,1021288,3,"5069:770580kB;5070:240008kB;5072:10700kB"
481.5,6646364,8216340,1021288,3,"5069:770580kB;5070:240008kB;5072:10700kB"
486.5,6646364,8216340,1021288,3,"5069:770580kB;5070:240008kB;5072:10700kB"
491.5,6646364,8216340,1021288,3,"5069:770580kB;5070:240008kB;5072:10700kB"
496.5,6646364,8216340,1021288,3,"5069:770580kB;5070:240008kB;5072:10700kB"
501.5,6647860,8216340,1021288,3,"5069:770580kB;5070:240008kB;5072:10700kB"
506.5,6648112,8216340,1021288,3,"5069:770580kB;5070:240008kB;5072:10700kB"
511.6,6650492,8216340,1021288,3,"5069:770580kB;5070:240008kB;5072:10700kB"
516.6,6650492,8216340,1021288,3,"5069:770580kB;5070:240008kB;5072:10700kB"
521.6,6653248,8216340,1021288,3,"5069:770580kB;5070:240008kB;5072:10700kB"
526.6,6653248,8216340,1021288,3,"5069:770580kB;5070:240008kB;5072:10700kB"
531.6,6951292,8216340,687112,3,"5069:436404kB;5070:240008kB;5072:10700kB"
536.6,6597748,8216340,1078268,3,"5069:827560kB;5070:240008kB;5072:10700kB"
541.6,6517348,8216340,1035608,3,"5069:784900kB;5070:240008kB;5072:10700kB"
546.7,6549544,8216340,1035612,3,"5069:784900kB;5070:240008kB;5072:10704kB"
551.7,6590372,8216340,1035612,3,"5069:784900kB;5070:240008kB;5072:10704kB"
556.7,6622324,8216340,1035612,3,"5069:784900kB;5070:240008kB;5072:10704kB"
561.7,6631368,8216340,1035612,3,"5069:784900kB;5070:240008kB;5072:10704kB"
566.7,6632000,8216340,1035612,3,"5069:784900kB;5070:240008kB;5072:10704kB"
571.7,6630380,8216340,1035612,3,"5069:784900kB;5070:240008kB;5072:10704kB"
576.8,6630380,8216340,1035612,3,"5069:784900kB;5070:240008kB;5072:10704kB"
581.8,6630380,8216340,1035612,3,"5069:784900kB;5070:240008kB;5072:10704kB"
586.8,6630380,8216340,1035612,3,"5069:784900kB;5070:240008kB;5072:10704kB"
591.8,6630380,8216340,1035612,3,"5069:784900kB;5070:240008kB;5072:10704kB"
596.9,6630380,8216340,1035612,3,"5069:784900kB;5070:240008kB;5072:10704kB"
602.0,6630380,8216340,1035612,3,"5069:784900kB;5070:240008kB;5072:10704kB"
607.0,6630380,8216340,1035612,3,"5069:784900kB;5070:240008kB;5072:10704kB"
612.0,6630844,8216340,1035612,3,"5069:784900kB;5070:240008kB;5072:10704kB"
617.0,6631140,8216340,1035612,3,"5069:784900kB;5070:240008kB;5072:10704kB"
622.1,6631140,8216340,1035612,3,"5069:784900kB;5070:240008kB;5072:10704kB"
627.1,6631140,8216340,1035612,3,"5069:784900kB;5070:240008kB;5072:10704kB"
632.1,6631140,8216340,1035612,3,"5069:784900kB;5070:240008kB;5072:10704kB"
637.1,6631140,8216340,1035612,3,"5069:784900kB;5070:240008kB;5072:10704kB"
642.1,6622024,8216340,1041012,3,"5069:784900kB;5070:245408kB;5072:10704kB"
647.2,6622840,8216340,1041012,3,"5069:784900kB;5070:245408kB;5072:10704kB"
652.2,6623092,8216340,1041012,3,"5069:784900kB;5070:245408kB;5072:10704kB"
657.2,7354036,8216340,313616,3,"5069:57504kB;5070:245408kB;5072:10704kB"
662.2,6935852,8216340,753544,3,"5069:497432kB;5070:245408kB;5072:10704kB"
667.2,6579012,8216340,1098652,3,"5069:842540kB;5070:245408kB;5072:10704kB"
672.2,6515408,8216340,1055712,3,"5069:799596kB;5070:245408kB;5072:10708kB"
677.2,6540892,8216340,1055712,3,"5069:799596kB;5070:245408kB;5072:10708kB"
682.3,6573320,8216340,1055712,3,"5069:799596kB;5070:245408kB;5072:10708kB"
687.3,6611376,8216340,1055712,3,"5069:799596kB;5070:245408kB;5072:10708kB"
692.3,6617064,8216340,1055712,3,"5069:799596kB;5070:245408kB;5072:10708kB"
697.3,6620908,8216340,1055712,3,"5069:799596kB;5070:245408kB;5072:10708kB"
702.3,6620908,8216340,1055712,3,"5069:799596kB;5070:245408kB;5072:10708kB"
707.3,6623276,8216340,1055712,3,"5069:799596kB;5070:245408kB;5072:10708kB"
712.3,6623276,8216340,1055712,3,"5069:799596kB;5070:245408kB;5072:10708kB"
717.4,6623276,8216340,1055712,3,"5069:799596kB;5070:245408kB;5072:10708kB"
722.4,6623276,8216340,1055712,3,"5069:799596kB;5070:245408kB;5072:10708kB"
727.4,6623276,8216340,1055712,3,"5069:799596kB;5070:245408kB;5072:10708kB"
732.4,6623276,8216340,1055712,3,"5069:799596kB;5070:245408kB;5072:10708kB"
737.4,6623276,8216340,1055712,3,"5069:799596kB;5070:245408kB;5072:10708kB"
742.4,6623276,8216340,1055712,3,"5069:799596kB;5070:245408kB;5072:10708kB"
747.4,6623508,8216340,1055712,3,"5069:799596kB;5070:245408kB;5072:10708kB"
752.5,6626604,8216340,1055712,3,"5069:799596kB;5070:245408kB;5072:10708kB"
757.5,6626604,8216340,1055712,3,"5069:799596kB;5070:245408kB;5072:10708kB"
762.5,6626604,8216340,1055712,3,"5069:799596kB;5070:245408kB;5072:10708kB"
767.5,6626856,8216340,1055712,3,"5069:799596kB;5070:245408kB;5072:10708kB"
772.5,6628056,8216340,1055712,3,"5069:799596kB;5070:245408kB;5072:10708kB"
777.5,6627328,8216340,1055712,3,"5069:799596kB;5070:245408kB;5072:10708kB"
782.5,7263396,8216340,416524,3,"5069:160408kB;5070:245408kB;5072:10708kB"
787.6,6845544,8216340,835524,3,"5069:579408kB;5070:245408kB;5072:10708kB"
792.6,6506896,8216340,1070804,3,"5069:814688kB;5070:245408kB;5072:10708kB"
797.6,6507940,8216340,1070804,3,"5069:814688kB;5070:245408kB;5072:10708kB"
802.6,6550720,8216340,1070808,3,"5069:814688kB;5070:245408kB;5072:10712kB"
807.6,6583168,8216340,1070808,3,"5069:814688kB;5070:245408kB;5072:10712kB"
812.6,6591344,8216340,1070808,3,"5069:814688kB;5070:245408kB;5072:10712kB"
817.7,6591368,8216340,1070808,3,"5069:814688kB;5070:245408kB;5072:10712kB"
822.7,6591372,8216340,1070808,3,"5069:814688kB;5070:245408kB;5072:10712kB"
827.7,6591372,8216340,1070808,3,"5069:814688kB;5070:245408kB;5072:10712kB"
832.7,6591372,8216340,1070808,3,"5069:814688kB;5070:245408kB;5072:10712kB"
837.7,6593524,8216340,1070808,3,"5069:814688kB;5070:245408kB;5072:10712kB"
842.7,6593572,8216340,1070808,3,"5069:814688kB;5070:245408kB;5072:10712kB"
847.7,6595568,8216340,1070808,3,"5069:814688kB;5070:245408kB;5072:10712kB"
852.8,6595568,8216340,1070808,3,"5069:814688kB;5070:245408kB;5072:10712kB"
857.8,6595820,8216340,1070808,3,"5069:814688kB;5070:245408kB;5072:10712kB"
862.8,6595820,8216340,1070808,3,"5069:814688kB;5070:245408kB;5072:10712kB"
867.8,6596052,8216340,1070808,3,"5069:814688kB;5070:245408kB;5072:10712kB"
872.8,6596072,8216340,1070808,3,"5069:814688kB;5070:245408kB;5072:10712kB"
877.8,6596072,8216340,1070808,3,"5069:814688kB;5070:245408kB;5072:10712kB"
882.8,6596072,8216340,1070808,3,"5069:814688kB;5070:245408kB;5072:10712kB"
887.9,6596072,8216340,1070808,3,"5069:814688kB;5070:245408kB;5072:10712kB"
892.9,7352508,8216340,315504,3,"5069:59384kB;5070:245408kB;5072:10712kB"
897.9,7034744,8216340,656500,3,"5069:580460kB;5070:65328kB;5072:10712kB"
902.9,6505576,8216340,1091908,3,"5069:830184kB;5070:251012kB;5072:10712kB"
907.9,6506852,8216340,1091908,3,"5069:830184kB;5070:251012kB;5072:10712kB"
912.9,6547060,8216340,1091908,3,"5069:830184kB;5070:251012kB;5072:10712kB"
917.9,6573548,8216340,1091908,3,"5069:830184kB;5070:251012kB;5072:10712kB"
923.0,6576264,8216340,1091908,3,"5069:830184kB;5070:251012kB;5072:10712kB"
928.0,6576928,8216340,1091908,3,"5069:830184kB;5070:251012kB;5072:10712kB"
933.0,6576676,8216340,1091908,3,"5069:830184kB;5070:251012kB;5072:10712kB"
938.0,6576676,8216340,1091908,3,"5069:830184kB;5070:251012kB;5072:10712kB"
943.0,6576676,8216340,1091908,3,"5069:830184kB;5070:251012kB;5072:10712kB"
948.0,6576676,8216340,1091908,3,"5069:830184kB;5070:251012kB;5072:10712kB"
953.0,6577280,8216340,1091912,3,"5069:830184kB;5070:251012kB;5072:10716kB"
958.0,6577280,8216340,1091912,3,"5069:830184kB;5070:251012kB;5072:10716kB"
963.1,6577784,8216340,1091912,3,"5069:830184kB;5070:251012kB;5072:10716kB"
968.1,6577788,8216340,1091912,3,"5069:830184kB;5070:251012kB;5072:10716kB"
973.1,6577788,8216340,1091912,3,"5069:830184kB;5070:251012kB;5072:10716kB"
978.1,6577788,8216340,1091912,3,"5069:830184kB;5070:251012kB;5072:10716kB"
983.1,6577792,8216340,1091912,3,"5069:830184kB;5070:251012kB;5072:10716kB"
988.1,6577792,8216340,1091912,3,"5069:830184kB;5070:251012kB;5072:10716kB"
993.2,6579692,8216340,1091912,3,"5069:830184kB;5070:251012kB;5072:10716kB"
998.2,6579944,8216340,1091912,3,"5069:830184kB;5070:251012kB;5072:10716kB"
1003.2,6579944,8216340,1091912,3,"5069:830184kB;5070:251012kB;5072:10716kB"
1008.2,6579944,8216340,1091912,3,"5069:830184kB;5070:251012kB;5072:10716kB"
1013.2,6579944,8216340,1091912,3,"5069:830184kB;5070:251012kB;5072:10716kB"
1018.2,6579944,8216340,1091912,3,"5069:830184kB;5070:251012kB;5072:10716kB"
1023.2,6579944,8216340,1091912,3,"5069:830184kB;5070:251012kB;5072:10716kB"
1028.3,6579944,8216340,1091912,3,"5069:830184kB;5070:251012kB;5072:10716kB"
1033.3,7348136,8216340,323668,3,"5069:61940kB;5070:251012kB;5072:10716kB"
1038.3,6916460,8216340,772308,3,"5069:510580kB;5070:251012kB;5072:10716kB"
1043.3,6507716,8216340,1079932,3,"5069:818204kB;5070:251012kB;5072:10716kB"
1048.3,6507716,8216340,1109744,3,"5069:848016kB;5070:251012kB;5072:10716kB"
1053.4,6516464,8216340,1109744,3,"5069:848016kB;5070:251012kB;5072:10716kB"
1058.4,6547788,8216340,1109748,3,"5069:848016kB;5070:251012kB;5072:10720kB"
1063.4,6555544,8216340,1109748,3,"5069:848016kB;5070:251012kB;5072:10720kB"
1068.4,6559164,8216340,1109748,3,"5069:848016kB;5070:251012kB;5072:10720kB"
1073.4,6559452,8216340,1109748,3,"5069:848016kB;5070:251012kB;5072:10720kB"
1078.4,6561940,8216340,1109748,3,"5069:848016kB;5070:251012kB;5072:10720kB"
1083.4,6562192,8216340,1109748,3,"5069:848016kB;5070:251012kB;5072:10720kB"
1088.4,6564376,8216340,1109748,3,"5069:848016kB;5070:251012kB;5072:10720kB"
1093.5,6564376,8216340,1109748,3,"5069:848016kB;5070:251012kB;5072:10720kB"
1098.5,6564380,8216340,1109748,3,"5069:848016kB;5070:251012kB;5072:10720kB"
1103.5,6564380,8216340,1109748,3,"5069:848016kB;5070:251012kB;5072:10720kB"
1108.5,6567652,8216340,1109748,3,"5069:848016kB;5070:251012kB;5072:10720kB"
1113.5,6567904,8216340,1109748,3,"5069:848016kB;5070:251012kB;5072:10720kB"
1118.5,6569876,8216340,1109748,3,"5069:848016kB;5070:251012kB;5072:10720kB"
1123.5,6569876,8216340,1109748,3,"5069:848016kB;5070:251012kB;5072:10720kB"
1128.6,6573664,8216340,1109748,3,"5069:848016kB;5070:251012kB;5072:10720kB"
1133.6,6573684,8216340,1109748,3,"5069:848016kB;5070:251012kB;5072:10720kB"
1138.6,6573436,8216340,1109748,3,"5069:848016kB;5070:251012kB;5072:10720kB"
1143.6,6570716,8216340,1109748,3,"5069:848016kB;5070:251012kB;5072:10720kB"
1148.6,6570464,8216340,1109748,3,"5069:848016kB;5070:251012kB;5072:10720kB"
1153.6,6570108,8216340,1109748,3,"5069:848016kB;5070:251012kB;5072:10720kB"
1158.6,6568956,8216340,1109748,3,"5069:848016kB;5070:251012kB;5072:10720kB"
1163.7,6568992,8216340,1109748,3,"5069:848016kB;5070:251012kB;5072:10720kB"
1168.7,7354336,8216340,347156,3,"5069:85424kB;5070:251012kB;5072:10720kB"
1173.7,6907024,8216340,792108,3,"5069:530376kB;5070:251012kB;5072:10720kB"
1178.7,6515352,8216340,1125980,3,"5069:864248kB;5070:251012kB;5072:10720kB"
1183.7,6515352,8216340,1125984,3,"5069:864248kB;5070:251012kB;5072:10724kB"
1188.7,6495272,8216340,1131800,3,"5069:864248kB;5070:256828kB;5072:10724kB"
1193.8,6520628,8216340,1131800,3,"5069:864248kB;5070:256828kB;5072:10724kB"
1198.8,6527956,8216340,1131800,3,"5069:864248kB;5070:256828kB;5072:10724kB"
1203.8,6527840,8216340,1131800,3,"5069:864248kB;5070:256828kB;5072:10724kB"
1208.8,6528288,8216340,1131800,3,"5069:864248kB;5070:256828kB;5072:10724kB"
1213.8,6531904,8216340,1131800,3,"5069:864248kB;5070:256828kB;5072:10724kB"
1218.8,6531980,8216340,1131800,3,"5069:864248kB;5070:256828kB;5072:10724kB"
1223.8,6536440,8216340,1131800,3,"5069:864248kB;5070:256828kB;5072:10724kB"
1228.8,6536244,8216340,1131800,3,"5069:864248kB;5070:256828kB;5072:10724kB"
1233.9,6538448,8216340,1131800,3,"5069:864248kB;5070:256828kB;5072:10724kB"
1238.9,6538544,8216340,1131800,3,"5069:864248kB;5070:256828kB;5072:10724kB"
1243.9,6538544,8216340,1131800,3,"5069:864248kB;5070:256828kB;5072:10724kB"
1248.9,6540504,8216340,1131800,3,"5069:864248kB;5070:256828kB;5072:10724kB"
1253.9,6540504,8216340,1131800,3,"5069:864248kB;5070:256828kB;5072:10724kB"
1258.9,6542356,8216340,1131800,3,"5069:864248kB;5070:256828kB;5072:10724kB"
1263.9,6541656,8216340,1131800,3,"5069:864248kB;5070:256828kB;5072:10724kB"
1269.0,6541656,8216340,1131800,3,"5069:864248kB;5070:256828kB;5072:10724kB"
1274.0,6542208,8216340,1131800,3,"5069:864248kB;5070:256828kB;5072:10724kB"
1279.0,6542940,8216340,1131800,3,"5069:864248kB;5070:256828kB;5072:10724kB"
1284.0,6541680,8216340,1131800,3,"5069:864248kB;5070:256828kB;5072:10724kB"
1289.0,6541680,8216340,1131800,3,"5069:864248kB;5070:256828kB;5072:10724kB"
1294.0,6541680,8216340,1131800,3,"5069:864248kB;5070:256828kB;5072:10724kB"
1299.1,6541680,8216340,1131800,3,"5069:864248kB;5070:256828kB;5072:10724kB"
1304.1,6541680,8216340,1131800,3,"5069:864248kB;5070:256828kB;5072:10724kB"
1309.1,6945160,8216340,688056,3,"5069:420504kB;5070:256828kB;5072:10724kB"
1314.2,6829024,8216340,868888,3,"5069:601332kB;5070:256828kB;5072:10728kB"
1319.2,6467148,8216340,1146752,3,"5069:879196kB;5070:256828kB;5072:10728kB"
1324.2,6467044,8216340,1146752,3,"5069:879196kB;5070:256828kB;5072:10728kB"
1329.2,6491680,8216340,1146752,3,"5069:879196kB;5070:256828kB;5072:10728kB"
1334.2,6523044,8216340,1146752,3,"5069:879196kB;5070:256828kB;5072:10728kB"
1339.2,6525280,8216340,1146752,3,"5069:879196kB;5070:256828kB;5072:10728kB"
1344.3,6525028,8216340,1146752,3,"5069:879196kB;5070:256828kB;5072:10728kB"
1349.3,6525028,8216340,1146752,3,"5069:879196kB;5070:256828kB;5072:10728kB"
1354.3,6525028,8216340,1146752,3,"5069:879196kB;5070:256828kB;5072:10728kB"
1359.3,6525028,8216340,1146752,3,"5069:879196kB;5070:256828kB;5072:10728kB"
1364.3,6525028,8216340,1146752,3,"5069:879196kB;5070:256828kB;5072:10728kB"
1369.3,6525028,8216340,1146752,3,"5069:879196kB;5070:256828kB;5072:10728kB"
1374.3,6526352,8216340,1146752,3,"5069:879196kB;5070:256828kB;5072:10728kB"
1379.4,6526352,8216340,1146752,3,"5069:879196kB;5070:256828kB;5072:10728kB"
1384.4,6528680,8216340,1146752,3,"5069:879196kB;5070:256828kB;5072:10728kB"
1389.4,6529184,8216340,1146752,3,"5069:879196kB;5070:256828kB;5072:10728kB"
1394.4,6529184,8216340,1146752,3,"5069:879196kB;5070:256828kB;5072:10728kB"
1399.4,6529184,8216340,1146752,3,"5069:879196kB;5070:256828kB;5072:10728kB"
1404.4,6532048,8216340,1146752,3,"5069:879196kB;5070:256828kB;5072:10728kB"
1409.4,6531796,8216340,1146752,3,"5069:879196kB;5070:256828kB;5072:10728kB"
1414.4,6531796,8216340,1146752,3,"5069:879196kB;5070:256828kB;5072:10728kB"
1419.5,6531796,8216340,1146752,3,"5069:879196kB;5070:256828kB;5072:10728kB"
1424.5,6531796,8216340,1146752,3,"5069:879196kB;5070:256828kB;5072:10728kB"
1429.5,6531796,8216340,1146752,3,"5069:879196kB;5070:256828kB;5072:10728kB"
1434.5,6535552,8216340,1146752,3,"5069:879196kB;5070:256828kB;5072:10728kB"
1439.5,6535804,8216340,1146752,3,"5069:879196kB;5070:256828kB;5072:10728kB"
1444.5,6538204,8216340,1146752,3,"5069:879196kB;5070:256828kB;5072:10728kB"
1449.5,6538204,8216340,1146752,3,"5069:879196kB;5070:256828kB;5072:10728kB"
1454.6,6538204,8216340,1146752,3,"5069:879196kB;5070:256828kB;5072:10728kB"
1459.6,6538204,8216340,1146752,3,"5069:879196kB;5070:256828kB;5072:10728kB"
1464.6,6808296,8216340,856180,3,"5069:588620kB;5070:256828kB;5072:10732kB"
1469.6,6933464,8216340,774900,3,"5069:507340kB;5070:256828kB;5072:10732kB"
1474.6,6522952,8216340,1086924,3,"5069:819364kB;5070:256828kB;5072:10732kB"
1479.7,6521188,8216340,1163900,3,"5069:896340kB;5070:256828kB;5072:10732kB"
1484.7,6520432,8216340,1163900,3,"5069:896340kB;5070:256828kB;5072:10732kB"
1489.7,6518164,8216340,1163900,3,"5069:896340kB;5070:256828kB;5072:10732kB"
1494.7,6522080,8216340,1163900,3,"5069:896340kB;5070:256828kB;5072:10732kB"
1499.7,6520840,8216340,1163900,3,"5069:896340kB;5070:256828kB;5072:10732kB"
1504.7,6507724,8216340,1169932,3,"5069:896340kB;5070:262860kB;5072:10732kB"
1509.7,6507976,8216340,1169932,3,"5069:896340kB;5070:262860kB;5072:10732kB"
1514.8,6507976,8216340,1169932,3,"5069:896340kB;5070:262860kB;5072:10732kB"
1519.8,6507976,8216340,1169932,3,"5069:896340kB;5070:262860kB;5072:10732kB"
1524.8,6507976,8216340,1169932,3,"5069:896340kB;5070:262860kB;5072:10732kB"
1529.8,6507976,8216340,1169932,3,"5069:896340kB;5070:262860kB;5072:10732kB"
1534.8,6507976,8216340,1169932,3,"5069:896340kB;5070:262860kB;5072:10732kB"
1539.8,6507976,8216340,1169932,3,"5069:896340kB;5070:262860kB;5072:10732kB"
1544.8,6507976,8216340,1169932,3,"5069:896340kB;5070:262860kB;5072:10732kB"
1549.9,6507976,8216340,1169932,3,"5069:896340kB;5070:262860kB;5072:10732kB"
1554.9,6507976,8216340,1169932,3,"5069:896340kB;5070:262860kB;5072:10732kB"
1559.9,6507976,8216340,1169932,3,"5069:896340kB;5070:262860kB;5072:10732kB"
1564.9,6507976,8216340,1169932,3,"5069:896340kB;5070:262860kB;5072:10732kB"
1569.9,6507976,8216340,1169936,3,"5069:896340kB;5070:262860kB;5072:10736kB"
1574.9,6507976,8216340,1169936,3,"5069:896340kB;5070:262860kB;5072:10736kB"
1579.9,6507976,8216340,1169936,3,"5069:896340kB;5070:262860kB;5072:10736kB"
1584.9,6507976,8216340,1169936,3,"5069:896340kB;5070:262860kB;5072:10736kB"
1590.0,6507976,8216340,1169936,3,"5069:896340kB;5070:262860kB;5072:10736kB"
1595.0,6507976,8216340,1169936,3,"5069:896340kB;5070:262860kB;5072:10736kB"
1600.0,6507976,8216340,1169936,3,"5069:896340kB;5070:262860kB;5072:10736kB"
1605.0,6507976,8216340,1169936,3,"5069:896340kB;5070:262860kB;5072:10736kB"
1610.0,6507976,8216340,1169936,3,"5069:896340kB;5070:262860kB;5072:10736kB"
1615.0,6507976,8216340,1169936,3,"5069:896340kB;5070:262860kB;5072:10736kB"
1620.1,6930064,8216340,764380,3,"5069:490784kB;5070:262860kB;5072:10736kB"
1625.1,6507228,8216340,1042708,3,"5069:769112kB;5070:262860kB;5072:10736kB"
1630.1,6507188,8216340,1187552,3,"5069:913956kB;5070:262860kB;5072:10736kB"
1635.1,6507188,8216340,1187552,3,"5069:913956kB;5070:262860kB;5072:10736kB"
1640.1,6507196,8216340,1187552,3,"5069:913956kB;5070:262860kB;5072:10736kB"
1645.1,6507196,8216340,1187552,3,"5069:913956kB;5070:262860kB;5072:10736kB"
1650.1,6507196,8216340,1187552,3,"5069:913956kB;5070:262860kB;5072:10736kB"
1655.2,6507196,8216340,1187552,3,"5069:913956kB;5070:262860kB;5072:10736kB"
1660.2,6507196,8216340,1187552,3,"5069:913956kB;5070:262860kB;5072:10736kB"
1665.2,6507196,8216340,1187552,3,"5069:913956kB;5070:262860kB;5072:10736kB"
1670.2,6507196,8216340,1187552,3,"5069:913956kB;5070:262860kB;5072:10736kB"
1675.2,6507196,8216340,1187552,3,"5069:913956kB;5070:262860kB;5072:10736kB"
1680.3,6506440,8216340,1187552,3,"5069:913956kB;5070:262860kB;5072:10736kB"
1685.3,6505180,8216340,1187552,3,"5069:913956kB;5070:262860kB;5072:10736kB"
1690.3,6495604,8216340,1187552,3,"5069:913956kB;5070:262860kB;5072:10736kB"
1695.3,6495604,8216340,1187556,3,"5069:913956kB;5070:262860kB;5072:10740kB"
1700.4,6495604,8216340,1187556,3,"5069:913956kB;5070:262860kB;5072:10740kB"
1705.4,6495604,8216340,1187556,3,"5069:913956kB;5070:262860kB;5072:10740kB"
1710.4,6495604,8216340,1187556,3,"5069:913956kB;5070:262860kB;5072:10740kB"
1715.4,6489256,8216340,1187556,3,"5069:913956kB;5070:262860kB;5072:10740kB"
1720.4,6489556,8216340,1187556,3,"5069:913956kB;5070:262860kB;5072:10740kB"
1725.5,6489556,8216340,1187556,3,"5069:913956kB;5070:262860kB;5072:10740kB"
1730.5,6489556,8216340,1187556,3,"5069:913956kB;5070:262860kB;5072:10740kB"
1735.5,6489556,8216340,1187556,3,"5069:913956kB;5070:262860kB;5072:10740kB"
1740.5,6489556,8216340,1187556,3,"5069:913956kB;5070:262860kB;5072:10740kB"
1745.5,6489556,8216340,1187556,3,"5069:913956kB;5070:262860kB;5072:10740kB"
1750.5,6489556,8216340,1187556,3,"5069:913956kB;5070:262860kB;5072:10740kB"
1755.5,6489556,8216340,1187556,3,"5069:913956kB;5070:262860kB;5072:10740kB"
1760.6,6489556,8216340,1187556,3,"5069:913956kB;5070:262860kB;5072:10740kB"
1765.6,6489556,8216340,1187556,3,"5069:913956kB;5070:262860kB;5072:10740kB"
1770.6,6489556,8216340,1187556,3,"5069:913956kB;5070:262860kB;5072:10740kB"
1775.6,6489556,8216340,1187556,3,"5069:913956kB;5070:262860kB;5072:10740kB"
1780.6,6489556,8216340,1187556,3,"5069:913956kB;5070:262860kB;5072:10740kB"
1785.6,6940268,8216340,755776,3,"5069:482176kB;5070:262860kB;5072:10740kB"
1790.7,6616108,8216340,1082240,3,"5069:808640kB;5070:262860kB;5072:10740kB"
1795.7,6492104,8216340,1205656,3,"5069:932056kB;5070:262860kB;5072:10740kB"
1800.7,6491096,8216340,1205656,3,"5069:932056kB;5070:262860kB;5072:10740kB"
1805.7,6490340,8216340,1205656,3,"5069:932056kB;5070:262860kB;5072:10740kB"
1810.7,6490340,8216340,1205656,3,"5069:932056kB;5070:262860kB;5072:10740kB"
1815.8,6490340,8216340,1205656,3,"5069:932056kB;5070:262860kB;5072:10740kB"
1820.8,6490340,8216340,1205656,3,"5069:932056kB;5070:262860kB;5072:10740kB"
1825.8,6490340,8216340,1205660,3,"5069:932056kB;5070:262860kB;5072:10744kB"
1830.8,6490340,8216340,1205660,3,"5069:932056kB;5070:262860kB;5072:10744kB"
1835.8,6483648,8216340,1196756,3,"5069:932056kB;5070:253956kB;5072:10744kB"
1840.8,6483584,8216340,1213008,3,"5069:932056kB;5070:270208kB;5072:10744kB"
1845.9,6483584,8216340,1213008,3,"5069:932056kB;5070:270208kB;5072:10744kB"
1850.9,6483584,8216340,1213008,3,"5069:932056kB;5070:270208kB;5072:10744kB"
1855.9,6483584,8216340,1213008,3,"5069:932056kB;5070:270208kB;5072:10744kB"
1860.9,6483584,8216340,1213008,3,"5069:932056kB;5070:270208kB;5072:10744kB"
1865.9,6483584,8216340,1213008,3,"5069:932056kB;5070:270208kB;5072:10744kB"
1870.9,6483584,8216340,1213008,3,"5069:932056kB;5070:270208kB;5072:10744kB"
1875.9,6483584,8216340,1213008,3,"5069:932056kB;5070:270208kB;5072:10744kB"
1881.0,6482828,8216340,1213008,3,"5069:932056kB;5070:270208kB;5072:10744kB"
1886.0,6482828,8216340,1213008,3,"5069:932056kB;5070:270208kB;5072:10744kB"
1891.0,6481316,8216340,1213008,3,"5069:932056kB;5070:270208kB;5072:10744kB"
1896.0,6481316,8216340,1213008,3,"5069:932056kB;5070:270208kB;5072:10744kB"
1901.0,6481316,8216340,1213008,3,"5069:932056kB;5070:270208kB;5072:10744kB"
1906.1,6481316,8216340,1213008,3,"5069:932056kB;5070:270208kB;5072:10744kB"
1911.1,6477536,8216340,1213008,3,"5069:932056kB;5070:270208kB;5072:10744kB"
1916.1,6477540,8216340,1213008,3,"5069:932056kB;5070:270208kB;5072:10744kB"
1921.1,6476784,8216340,1213008,3,"5069:932056kB;5070:270208kB;5072:10744kB"
1926.5,6476784,8216340,1213008,3,"5069:932056kB;5070:270208kB;5072:10744kB"
1931.6,6475776,8216340,1213008,3,"5069:932056kB;5070:270208kB;5072:10744kB"
1936.6,6475524,8216340,1213008,3,"5069:932056kB;5070:270208kB;5072:10744kB"
1941.7,6475524,8216340,1213008,3,"5069:932056kB;5070:270208kB;5072:10744kB"
1946.7,6474516,8216340,1213008,3,"5069:932056kB;5070:270208kB;5072:10744kB"
1951.7,7109872,8216340,519772,3,"5069:238820kB;5070:270208kB;5072:10744kB"
1956.7,6853756,8216340,845492,3,"5069:564540kB;5070:270208kB;5072:10744kB"
1961.8,6508668,8216340,1164792,3,"5069:883840kB;5070:270208kB;5072:10744kB"
1966.8,6460788,8216340,1231532,3,"5069:950580kB;5070:270208kB;5072:10744kB"
1971.8,6460788,8216340,1231532,3,"5069:950580kB;5070:270208kB;5072:10744kB"
1976.8,6459024,8216340,1231536,3,"5069:950580kB;5070:270208kB;5072:10748kB"
1981.8,6459024,8216340,1231536,3,"5069:950580kB;5070:270208kB;5072:10748kB"
1986.9,6459028,8216340,1231536,3,"5069:950580kB;5070:270208kB;5072:10748kB"
1991.9,6459028,8216340,1231536,3,"5069:950580kB;5070:270208kB;5072:10748kB"
1996.9,6459028,8216340,1231536,3,"5069:950580kB;5070:270208kB;5072:10748kB"
2001.9,6459028,8216340,1231536,3,"5069:950580kB;5070:270208kB;5072:10748kB"
2006.9,6458776,8216340,1231536,3,"5069:950580kB;5070:270208kB;5072:10748kB"
2012.0,6458776,8216340,1231536,3,"5069:950580kB;5070:270208kB;5072:10748kB"
2017.0,6456760,8216340,1231536,3,"5069:950580kB;5070:270208kB;5072:10748kB"
2022.0,6456760,8216340,1231536,3,"5069:950580kB;5070:270208kB;5072:10748kB"
2027.0,6456760,8216340,1231536,3,"5069:950580kB;5070:270208kB;5072:10748kB"
2032.0,6456760,8216340,1231536,3,"5069:950580kB;5070:270208kB;5072:10748kB"
2037.0,6456760,8216340,1231536,3,"5069:950580kB;5070:270208kB;5072:10748kB"
2042.0,6456760,8216340,1231536,3,"5069:950580kB;5070:270208kB;5072:10748kB"
2047.1,6456760,8216340,1231536,3,"5069:950580kB;5070:270208kB;5072:10748kB"
2052.1,6456760,8216340,1231536,3,"5069:950580kB;5070:270208kB;5072:10748kB"
2057.1,6456760,8216340,1231536,3,"5069:950580kB;5070:270208kB;5072:10748kB"
2062.1,6456760,8216340,1231536,3,"5069:950580kB;5070:270208kB;5072:10748kB"
2067.1,6456760,8216340,1231536,3,"5069:950580kB;5070:270208kB;5072:10748kB"
2072.2,6456760,8216340,1231536,3,"5069:950580kB;5070:270208kB;5072:10748kB"
2077.2,6456760,8216340,1231536,3,"5069:950580kB;5070:270208kB;5072:10748kB"
2082.2,6456760,8216340,1231540,3,"5069:950580kB;5070:270208kB;5072:10752kB"
2087.2,6456760,8216340,1231540,3,"5069:950580kB;5070:270208kB;5072:10752kB"
2092.2,6456760,8216340,1231540,3,"5069:950580kB;5070:270208kB;5072:10752kB"
2097.2,6456760,8216340,1231540,3,"5069:950580kB;5070:270208kB;5072:10752kB"
2102.2,6456760,8216340,1231540,3,"5069:950580kB;5070:270208kB;5072:10752kB"
2107.3,6456760,8216340,1231540,3,"5069:950580kB;5070:270208kB;5072:10752kB"
2112.3,6456760,8216340,1231540,3,"5069:950580kB;5070:270208kB;5072:10752kB"
2117.3,6456760,8216340,1231540,3,"5069:950580kB;5070:270208kB;5072:10752kB"
2122.3,6456760,8216340,1231540,3,"5069:950580kB;5070:270208kB;5072:10752kB"
2127.3,6878436,8216340,790004,3,"5069:509044kB;5070:270208kB;5072:10752kB"
2132.4,6904928,8216340,800300,3,"5069:519340kB;5070:270208kB;5072:10752kB"
2137.4,6505712,8216340,1091292,3,"5069:810332kB;5070:270208kB;5072:10752kB"
2142.4,6441956,8216340,1250520,3,"5069:969560kB;5070:270208kB;5072:10752kB"
2147.4,6441956,8216340,1250520,3,"5069:969560kB;5070:270208kB;5072:10752kB"
2152.5,6441956,8216340,1250520,3,"5069:969560kB;5070:270208kB;5072:10752kB"
2157.5,6441956,8216340,1250520,3,"5069:969560kB;5070:270208kB;5072:10752kB"
2162.5,6441956,8216340,1250520,3,"5069:969560kB;5070:270208kB;5072:10752kB"
2167.5,6441956,8216340,1250520,3,"5069:969560kB;5070:270208kB;5072:10752kB"
2172.5,6441956,8216340,1250520,3,"5069:969560kB;5070:270208kB;5072:10752kB"
2177.5,6441956,8216340,1250520,3,"5069:969560kB;5070:270208kB;5072:10752kB"
2182.5,6441960,8216340,1250520,3,"5069:969560kB;5070:270208kB;5072:10752kB"
2187.5,6441960,8216340,1250520,3,"5069:969560kB;5070:270208kB;5072:10752kB"
2192.6,6439824,8216340,1256900,3,"5069:969560kB;5070:276588kB;5072:10752kB"
2197.6,6439572,8216340,1256900,3,"5069:969560kB;5070:276588kB;5072:10752kB"
2202.6,6438816,8216340,1256900,3,"5069:969560kB;5070:276588kB;5072:10752kB"
2207.6,6435540,8216340,1256904,3,"5069:969560kB;5070:276588kB;5072:10756kB"
2212.6,6435540,8216340,1256904,3,"5069:969560kB;5070:276588kB;5072:10756kB"
2217.7,6431760,8216340,1256904,3,"5069:969560kB;5070:276588kB;5072:10756kB"
2222.7,6429744,8216340,1256904,3,"5069:969560kB;5070:276588kB;5072:10756kB"
2227.7,6428736,8216340,1256904,3,"5069:969560kB;5070:276588kB;5072:10756kB"
2232.7,6428736,8216340,1256904,3,"5069:969560kB;5070:276588kB;5072:10756kB"
2237.7,6426360,8216340,1256904,3,"5069:969560kB;5070:276588kB;5072:10756kB"
2242.7,6426360,8216340,1256904,3,"5069:969560kB;5070:276588kB;5072:10756kB"
2247.8,6425384,8216340,1256904,3,"5069:969560kB;5070:276588kB;5072:10756kB"
2252.8,6424884,8216340,1256904,3,"5069:969560kB;5070:276588kB;5072:10756kB"
2257.8,6425544,8216340,1256904,3,"5069:969560kB;5070:276588kB;5072:10756kB"
2262.8,6424580,8216340,1256904,3,"5069:969560kB;5070:276588kB;5072:10756kB"
2267.8,6425448,8216340,1256904,3,"5069:969560kB;5070:276588kB;5072:10756kB"
2272.8,6424692,8216340,1256904,3,"5069:969560kB;5070:276588kB;5072:10756kB"
2277.8,6424692,8216340,1256904,3,"5069:969560kB;5070:276588kB;5072:10756kB"
2282.9,6425596,8216340,1256904,3,"5069:969560kB;5070:276588kB;5072:10756kB"
2287.9,6426556,8216340,1256904,3,"5069:969560kB;5070:276588kB;5072:10756kB"
2292.9,6420764,8216340,1256904,3,"5069:969560kB;5070:276588kB;5072:10756kB"
2297.9,6420764,8216340,1256904,3,"5069:969560kB;5070:276588kB;5072:10756kB"
2302.9,6420764,8216340,1256904,3,"5069:969560kB;5070:276588kB;5072:10756kB"
2307.9,6420788,8216340,1256904,3,"5069:969560kB;5070:276588kB;5072:10756kB"
2313.0,6420032,8216340,1256904,3,"5069:969560kB;5070:276588kB;5072:10756kB"
2318.0,6421320,8216340,1256904,3,"5069:969560kB;5070:276588kB;5072:10756kB"
2323.0,6421088,8216340,1256904,3,"5069:969560kB;5070:276588kB;5072:10756kB"
2328.0,6897228,8216340,781924,3,"5069:494580kB;5070:276588kB;5072:10756kB"
2333.0,6472584,8216340,1042908,3,"5069:755564kB;5070:276588kB;5072:10756kB"
2338.0,6392432,8216340,1276364,3,"5069:989016kB;5070:276588kB;5072:10760kB"
2343.1,6392432,8216340,1276364,3,"5069:989016kB;5070:276588kB;5072:10760kB"
2348.1,6392432,8216340,1276364,3,"5069:989016kB;5070:276588kB;5072:10760kB"
2353.1,6392432,8216340,1276364,3,"5069:989016kB;5070:276588kB;5072:10760kB"
2358.1,6392664,8216340,1276364,3,"5069:989016kB;5070:276588kB;5072:10760kB"
2363.1,6392968,8216340,1276364,3,"5069:989016kB;5070:276588kB;5072:10760kB"
2368.1,6393616,8216340,1276364,3,"5069:989016kB;5070:276588kB;5072:10760kB"
2373.1,6393616,8216340,1276364,3,"5069:989016kB;5070:276588kB;5072:10760kB"
2378.1,6395324,8216340,1276364,3,"5069:989016kB;5070:276588kB;5072:10760kB"
2383.2,6395324,8216340,1276364,3,"5069:989016kB;5070:276588kB;5072:10760kB"
2388.2,6395228,8216340,1276364,3,"5069:989016kB;5070:276588kB;5072:10760kB"
2393.2,6394504,8216340,1276364,3,"5069:989016kB;5070:276588kB;5072:10760kB"
2398.2,6394504,8216340,1276364,3,"5069:989016kB;5070:276588kB;5072:10760kB"
2403.2,6394504,8216340,1276364,3,"5069:989016kB;5070:276588kB;5072:10760kB"
2408.2,6393808,8216340,1276364,3,"5069:989016kB;5070:276588kB;5072:10760kB"
2413.2,6394628,8216340,1276364,3,"5069:989016kB;5070:276588kB;5072:10760kB"
2418.3,6393932,8216340,1276364,3,"5069:989016kB;5070:276588kB;5072:10760kB"
2423.3,6393872,8216340,1276364,3,"5069:989016kB;5070:276588kB;5072:10760kB"
2428.3,6393872,8216340,1276364,3,"5069:989016kB;5070:276588kB;5072:10760kB"
2433.3,6393872,8216340,1276364,3,"5069:989016kB;5070:276588kB;5072:10760kB"
2438.3,6393872,8216340,1276364,3,"5069:989016kB;5070:276588kB;5072:10760kB"
2443.3,6393872,8216340,1276364,3,"5069:989016kB;5070:276588kB;5072:10760kB"
2448.3,6393872,8216340,1276364,3,"5069:989016kB;5070:276588kB;5072:10760kB"
2453.4,6393876,8216340,1276364,3,"5069:989016kB;5070:276588kB;5072:10760kB"
2458.4,6393876,8216340,1276364,3,"5069:989016kB;5070:276588kB;5072:10760kB"
2463.4,6393876,8216340,1276364,3,"5069:989016kB;5070:276588kB;5072:10760kB"
2468.4,6393876,8216340,1276364,3,"5069:989016kB;5070:276588kB;5072:10760kB"
2473.4,6393876,8216340,1276364,3,"5069:989016kB;5070:276588kB;5072:10760kB"
2478.4,6393876,8216340,1276364,3,"5069:989016kB;5070:276588kB;5072:10760kB"
2483.4,6393060,8216340,1276364,3,"5069:989016kB;5070:276588kB;5072:10760kB"
2488.4,6393060,8216340,1276368,3,"5069:989016kB;5070:276588kB;5072:10764kB"
2493.5,6392676,8216340,1276368,3,"5069:989016kB;5070:276588kB;5072:10764kB"
2498.5,6392676,8216340,1276368,3,"5069:989016kB;5070:276588kB;5072:10764kB"
2503.5,6399672,8216340,1276368,3,"5069:989016kB;5070:276588kB;5072:10764kB"
2508.5,6399672,8216340,1276368,3,"5069:989016kB;5070:276588kB;5072:10764kB"
2513.5,6852756,8216340,828496,3,"5069:541144kB;5070:276588kB;5072:10764kB"
2518.5,6434168,8216340,1118280,3,"5069:830928kB;5070:276588kB;5072:10764kB"
2523.6,6267600,8216340,1410800,3,"5069:1123448kB;5070:276588kB;5072:10764kB"
2528.6,5727568,8216340,1954192,3,"5069:1666840kB;5070:276588kB;5072:10764kB"
2533.6,5619452,8216340,1917444,3,"5069:1630092kB;5070:276588kB;5072:10764kB"
2538.6,5648752,8216340,1917444,3,"5069:1630092kB;5070:276588kB;5072:10764kB"
2543.6,5705200,8216340,1917444,3,"5069:1630092kB;5070:276588kB;5072:10764kB"
2548.7,5736376,8216340,1917444,3,"5069:1630092kB;5070:276588kB;5072:10764kB"
2553.7,5742920,8216340,1917444,3,"5069:1630092kB;5070:276588kB;5072:10764kB"
2558.7,5746328,8216340,1917444,3,"5069:1630092kB;5070:276588kB;5072:10764kB"
2563.7,5746076,8216340,1917444,3,"5069:1630092kB;5070:276588kB;5072:10764kB"
2568.7,5746772,8216340,1917444,3,"5069:1630092kB;5070:276588kB;5072:10764kB"
2573.7,5746772,8216340,1917444,3,"5069:1630092kB;5070:276588kB;5072:10764kB"
2578.8,5973784,8216340,1704984,3,"5069:1630092kB;5070:64128kB;5072:10764kB"
2583.8,5520832,8216340,2111276,3,"5069:1630092kB;5070:470420kB;5072:10764kB"
2588.8,5504892,8216340,2178988,3,"5069:1630092kB;5070:538132kB;5072:10764kB"
2593.8,5504892,8216340,2178992,3,"5069:1630092kB;5070:538132kB;5072:10768kB"
2598.8,5504892,8216340,2178992,3,"5069:1630092kB;5070:538132kB;5072:10768kB"
2603.8,5504892,8216340,2178992,3,"5069:1630092kB;5070:538132kB;5072:10768kB"
2609.2,5504892,8216340,2178992,3,"5069:1630092kB;5070:538132kB;5072:10768kB"
2614.2,5504892,8216340,2178992,3,"5069:1630092kB;5070:538132kB;5072:10768kB"
2619.2,5504892,8216340,2178992,3,"5069:1630092kB;5070:538132kB;5072:10768kB"
2624.2,5504892,8216340,2178992,3,"5069:1630092kB;5070:538132kB;5072:10768kB"
2629.2,5504892,8216340,2178992,3,"5069:1630092kB;5070:538132kB;5072:10768kB"
2634.3,5504892,8216340,2178992,3,"5069:1630092kB;5070:538132kB;5072:10768kB"
2639.3,5504892,8216340,2178992,3,"5069:1630092kB;5070:538132kB;5072:10768kB"
2644.3,5504892,8216340,2178992,3,"5069:1630092kB;5070:538132kB;5072:10768kB"
2649.3,7053480,8216340,646788,3,"5069:97888kB;5070:538132kB;5072:10768kB"
2654.4,6539360,8216340,1160648,3,"5069:611748kB;5070:538132kB;5072:10768kB"
2659.4,6178032,8216340,1517356,3,"5069:968456kB;5070:538132kB;5072:10768kB"
2664.5,5894592,8216340,1801612,3,"5069:1252712kB;5070:538132kB;5072:10768kB"
2669.5,5309600,8216340,2380960,3,"5069:1832060kB;5070:538132kB;5072:10768kB"
2674.5,5372480,8216340,2245496,3,"5069:1696596kB;5070:538132kB;5072:10768kB"
2679.5,5382856,8216340,2245496,3,"5069:1696596kB;5070:538132kB;5072:10768kB"
2684.5,5419484,8216340,2245496,3,"5069:1696596kB;5070:538132kB;5072:10768kB"
2689.5,5432872,8216340,2245496,3,"5069:1696596kB;5070:538132kB;5072:10768kB"
2694.6,5433160,8216340,2245496,3,"5069:1696596kB;5070:538132kB;5072:10768kB"
2699.6,5433556,8216340,2245496,3,"5069:1696596kB;5070:538132kB;5072:10768kB"
2704.6,5433304,8216340,2245496,3,"5069:1696596kB;5070:538132kB;5072:10768kB"
2709.6,5433304,8216340,2245496,3,"5069:1696596kB;5070:538132kB;5072:10768kB"
2714.6,5433304,8216340,2245496,3,"5069:1696596kB;5070:538132kB;5072:10768kB"
2719.6,5432800,8216340,2245500,3,"5069:1696596kB;5070:538132kB;5072:10772kB"
2724.7,5432804,8216340,2245500,3,"5069:1696596kB;5070:538132kB;5072:10772kB"
2729.7,5432804,8216340,2245500,3,"5069:1696596kB;5070:538132kB;5072:10772kB"
2734.7,5432804,8216340,2245500,3,"5069:1696596kB;5070:538132kB;5072:10772kB"
2739.7,5433212,8216340,2245500,3,"5069:1696596kB;5070:538132kB;5072:10772kB"
2744.7,5433212,8216340,2245500,3,"5069:1696596kB;5070:538132kB;5072:10772kB"
2749.7,5433944,8216340,2245500,3,"5069:1696596kB;5070:538132kB;5072:10772kB"
2754.7,5432936,8216340,2245500,3,"5069:1696596kB;5070:538132kB;5072:10772kB"
2759.8,5432936,8216340,2245500,3,"5069:1696596kB;5070:538132kB;5072:10772kB"
2764.8,5432936,8216340,2245500,3,"5069:1696596kB;5070:538132kB;5072:10772kB"
2769.8,5434960,8216340,2245500,3,"5069:1696596kB;5070:538132kB;5072:10772kB"
2774.8,5434456,8216340,2245500,3,"5069:1696596kB;5070:538132kB;5072:10772kB"
2779.8,5434456,8216340,2245500,3,"5069:1696596kB;5070:538132kB;5072:10772kB"
2784.8,5434456,8216340,2245500,3,"5069:1696596kB;5070:538132kB;5072:10772kB"
2789.9,5434456,8216340,2245500,3,"5069:1696596kB;5070:538132kB;5072:10772kB"
2794.9,5434460,8216340,2245500,3,"5069:1696596kB;5070:538132kB;5072:10772kB"
2799.9,5434460,8216340,2245500,3,"5069:1696596kB;5070:538132kB;5072:10772kB"
2804.9,6595804,8216340,1101796,3,"5069:552892kB;5070:538132kB;5072:10772kB"
2809.9,6531796,8216340,1167024,3,"5069:618120kB;5070:538132kB;5072:10772kB"
2814.9,6531796,8216340,1167024,3,"5069:618120kB;5070:538132kB;5072:10772kB"
2819.9,6531796,8216340,1167024,3,"5069:618120kB;5070:538132kB;5072:10772kB"
2825.0,6614172,8216340,1090336,3,"5069:618120kB;5070:461444kB;5072:10772kB"
2830.0,6492900,8216340,1195532,3,"5069:618120kB;5070:566640kB;5072:10772kB"
2835.0,6492900,8216340,1195532,3,"5069:618120kB;5070:566640kB;5072:10772kB"
2840.0,6492900,8216340,1195532,3,"5069:618120kB;5070:566640kB;5072:10772kB"
2845.0,6492900,8216340,1195532,3,"5069:618120kB;5070:566640kB;5072:10772kB"
2850.0,6492900,8216340,1195536,3,"5069:618120kB;5070:566640kB;5072:10776kB"
2855.1,6492900,8216340,1195536,3,"5069:618120kB;5070:566640kB;5072:10776kB"
2860.1,6492900,8216340,1195536,3,"5069:618120kB;5070:566640kB;5072:10776kB"
2865.1,6492904,8216340,1195536,3,"5069:618120kB;5070:566640kB;5072:10776kB"
2870.1,6489636,8216340,1195536,3,"5069:618120kB;5070:566640kB;5072:10776kB"
2875.2,6489636,8216340,1195536,3,"5069:618120kB;5070:566640kB;5072:10776kB"
2880.2,6487872,8216340,1195536,3,"5069:618120kB;5070:566640kB;5072:10776kB"
2885.2,6487872,8216340,1195536,3,"5069:618120kB;5070:566640kB;5072:10776kB"
2890.2,6487872,8216340,1195536,3,"5069:618120kB;5070:566640kB;5072:10776kB"
2895.2,6487872,8216340,1195536,3,"5069:618120kB;5070:566640kB;5072:10776kB"
2900.2,6487872,8216340,1195536,3,"5069:618120kB;5070:566640kB;5072:10776kB"
2905.2,6484092,8216340,1195536,3,"5069:618120kB;5070:566640kB;5072:10776kB"
2910.3,6483588,8216340,1195536,3,"5069:618120kB;5070:566640kB;5072:10776kB"
2915.3,6481068,8216340,1195536,3,"5069:618120kB;5070:566640kB;5072:10776kB"
2920.3,6479808,8216340,1195536,3,"5069:618120kB;5070:566640kB;5072:10776kB"
2925.3,6476036,8216340,1195536,3,"5069:618120kB;5070:566640kB;5072:10776kB"
2930.4,6476036,8216340,1195536,3,"5069:618120kB;5070:566640kB;5072:10776kB"
2935.4,6477476,8216340,1195536,3,"5069:618120kB;5070:566640kB;5072:10776kB"
2940.4,6476216,8216340,1195536,3,"5069:618120kB;5070:566640kB;5072:10776kB"
2945.4,6476216,8216340,1195536,3,"5069:618120kB;5070:566640kB;5072:10776kB"
2950.4,6476216,8216340,1195536,3,"5069:618120kB;5070:566640kB;5072:10776kB"
2955.4,6476216,8216340,1195536,3,"5069:618120kB;5070:566640kB;5072:10776kB"
2960.4,6476216,8216340,1195536,3,"5069:618120kB;5070:566640kB;5072:10776kB"
2965.4,6476216,8216340,1195536,3,"5069:618120kB;5070:566640kB;5072:10776kB"
2970.5,6476216,8216340,1195536,3,"5069:618120kB;5070:566640kB;5072:10776kB"
2975.5,6476216,8216340,1195536,3,"5069:618120kB;5070:566640kB;5072:10776kB"
2980.5,6476216,8216340,1195536,3,"5069:618120kB;5070:566640kB;5072:10776kB"
2985.5,6476216,8216340,1195536,3,"5069:618120kB;5070:566640kB;5072:10776kB"
2990.5,6476220,8216340,1195536,3,"5069:618120kB;5070:566640kB;5072:10776kB"
2995.5,6475968,8216340,1195536,3,"5069:618120kB;5070:566640kB;5072:10776kB"
3000.5,6475968,8216340,1195540,3,"5069:618120kB;5070:566640kB;5072:10780kB"
3005.6,6475716,8216340,1195540,3,"5069:618120kB;5070:566640kB;5072:10780kB"
3010.6,6475716,8216340,1195540,3,"5069:618120kB;5070:566640kB;5072:10780kB"
3015.6,6475716,8216340,1195540,3,"5069:618120kB;5070:566640kB;5072:10780kB"
3020.6,6475716,8216340,1195540,3,"5069:618120kB;5070:566640kB;5072:10780kB"
3025.6,6475716,8216340,1195540,3,"5069:618120kB;5070:566640kB;5072:10780kB"
3030.6,6475716,8216340,1195540,3,"5069:618120kB;5070:566640kB;5072:10780kB"
3035.6,6475716,8216340,1195540,3,"5069:618120kB;5070:566640kB;5072:10780kB"
3040.6,6475716,8216340,1195540,3,"5069:618120kB;5070:566640kB;5072:10780kB"
3045.7,6475464,8216340,1195540,3,"5069:618120kB;5070:566640kB;5072:10780kB"
3050.7,6475464,8216340,1195540,3,"5069:618120kB;5070:566640kB;5072:10780kB"
3055.7,6475464,8216340,1195540,3,"5069:618120kB;5070:566640kB;5072:10780kB"
3060.7,6475464,8216340,1195540,3,"5069:618120kB;5070:566640kB;5072:10780kB"
3065.7,6475464,8216340,1195540,3,"5069:618120kB;5070:566640kB;5072:10780kB"
3070.7,6474536,8216340,1195540,3,"5069:618120kB;5070:566640kB;5072:10780kB"
3075.7,6474552,8216340,1195540,3,"5069:618120kB;5070:566640kB;5072:10780kB"
3080.7,6474572,8216340,1195540,3,"5069:618120kB;5070:566640kB;5072:10780kB"
3085.8,6476040,8216340,1195540,3,"5069:618120kB;5070:566640kB;5072:10780kB"
3090.8,6475284,8216340,1195540,3,"5069:618120kB;5070:566640kB;5072:10780kB"
3095.8,6750844,8216340,879560,3,"5069:618120kB;5070:250660kB;5072:10780kB"
3100.9,6447008,8216340,1226168,3,"5069:618120kB;5070:597268kB;5072:10780kB"
3105.9,6449476,8216340,1226172,3,"5069:618120kB;5070:597268kB;5072:10784kB"
3110.9,6448216,8216340,1226172,3,"5069:618120kB;5070:597268kB;5072:10784kB"
3115.9,6448216,8216340,1226172,3,"5069:618120kB;5070:597268kB;5072:10784kB"
3120.9,6448216,8216340,1226172,3,"5069:618120kB;5070:597268kB;5072:10784kB"
3125.9,6448216,8216340,1226172,3,"5069:618120kB;5070:597268kB;5072:10784kB"
3130.9,6448216,8216340,1226172,3,"5069:618120kB;5070:597268kB;5072:10784kB"
3135.9,6448216,8216340,1226172,3,"5069:618120kB;5070:597268kB;5072:10784kB"
3141.0,6448216,8216340,1226172,3,"5069:618120kB;5070:597268kB;5072:10784kB"
3146.0,6447460,8216340,1226172,3,"5069:618120kB;5070:597268kB;5072:10784kB"
3151.0,6447460,8216340,1226172,3,"5069:618120kB;5070:597268kB;5072:10784kB"
3156.0,6447460,8216340,1226172,3,"5069:618120kB;5070:597268kB;5072:10784kB"
3161.0,6447460,8216340,1226172,3,"5069:618120kB;5070:597268kB;5072:10784kB"
3166.0,6447460,8216340,1226172,3,"5069:618120kB;5070:597268kB;5072:10784kB"
3171.0,6447460,8216340,1226172,3,"5069:618120kB;5070:597268kB;5072:10784kB"
3176.0,6447460,8216340,1226172,3,"5069:618120kB;5070:597268kB;5072:10784kB"
3181.1,6447460,8216340,1226172,3,"5069:618120kB;5070:597268kB;5072:10784kB"
3186.1,6447460,8216340,1226172,3,"5069:618120kB;5070:597268kB;5072:10784kB"
3191.1,6447460,8216340,1226172,3,"5069:618120kB;5070:597268kB;5072:10784kB"
3196.1,6447460,8216340,1226172,3,"5069:618120kB;5070:597268kB;5072:10784kB"
3201.1,6447460,8216340,1226172,3,"5069:618120kB;5070:597268kB;5072:10784kB"
3206.1,6447460,8216340,1226172,3,"5069:618120kB;5070:597268kB;5072:10784kB"
3211.1,6447460,8216340,1226172,3,"5069:618120kB;5070:597268kB;5072:10784kB"
3216.1,6447460,8216340,1226172,3,"5069:618120kB;5070:597268kB;5072:10784kB"
3221.2,6447460,8216340,1226172,3,"5069:618120kB;5070:597268kB;5072:10784kB"
3226.2,6447460,8216340,1226172,3,"5069:618120kB;5070:597268kB;5072:10784kB"
3231.2,6447460,8216340,1226176,3,"5069:618120kB;5070:597268kB;5072:10788kB"
3236.2,6447460,8216340,1226176,3,"5069:618120kB;5070:597268kB;5072:10788kB"
3241.2,6447460,8216340,1226176,3,"5069:618120kB;5070:597268kB;5072:10788kB"
3246.2,6447460,8216340,1226176,3,"5069:618120kB;5070:597268kB;5072:10788kB"
3251.2,6447460,8216340,1226176,3,"5069:618120kB;5070:597268kB;5072:10788kB"
3256.3,6447464,8216340,1226176,3,"5069:618120kB;5070:597268kB;5072:10788kB"
3261.3,6447464,8216340,1226176,3,"5069:618120kB;5070:597268kB;5072:10788kB"
3266.3,6447464,8216340,1226176,3,"5069:618120kB;5070:597268kB;5072:10788kB"
3271.3,6447464,8216340,1226176,3,"5069:618120kB;5070:597268kB;5072:10788kB"
3276.3,6447464,8216340,1226176,3,"5069:618120kB;5070:597268kB;5072:10788kB"
3281.3,6447464,8216340,1226176,3,"5069:618120kB;5070:597268kB;5072:10788kB"
3286.3,6447464,8216340,1226176,3,"5069:618120kB;5070:597268kB;5072:10788kB"
3291.6,6447464,8216340,1226176,3,"5069:618120kB;5070:597268kB;5072:10788kB"
3296.7,6447464,8216340,1226176,3,"5069:618120kB;5070:597268kB;5072:10788kB"
3301.7,6447464,8216340,1226176,3,"5069:618120kB;5070:597268kB;5072:10788kB"
3306.7,6445700,8216340,1226176,3,"5069:618120kB;5070:597268kB;5072:10788kB"
3311.7,6445952,8216340,1226276,3,"5069:618220kB;5070:597268kB;5072:10788kB"
3316.8,6444668,8216340,1226276,3,"5069:618220kB;5070:597268kB;5072:10788kB"
3321.8,6444668,8216340,1226276,3,"5069:618220kB;5070:597268kB;5072:10788kB"
3326.8,6445848,8216340,1226276,3,"5069:618220kB;5070:597268kB;5072:10788kB"
3331.8,6445092,8216340,1226276,3,"5069:618220kB;5070:597268kB;5072:10788kB"
3336.8,6444960,8216340,1226276,3,"5069:618220kB;5070:597268kB;5072:10788kB"
3341.9,6444204,8216340,1226276,3,"5069:618220kB;5070:597268kB;5072:10788kB"
3346.9,6445328,8216340,1226276,3,"5069:618220kB;5070:597268kB;5072:10788kB"
3351.9,6444992,8216340,1226276,3,"5069:618220kB;5070:597268kB;5072:10788kB"
3356.9,6445756,8216340,1226276,3,"5069:618220kB;5070:597268kB;5072:10788kB"
3361.9,6445756,8216340,1226280,3,"5069:618220kB;5070:597268kB;5072:10792kB"
3366.9,6442984,8216340,1226280,3,"5069:618220kB;5070:597268kB;5072:10792kB"
3371.9,6442984,8216340,1226280,3,"5069:618220kB;5070:597268kB;5072:10792kB"
3377.0,6442984,8216340,1226280,3,"5069:618220kB;5070:597268kB;5072:10792kB"
3382.0,6444192,8216340,1226280,3,"5069:618220kB;5070:597268kB;5072:10792kB"
3387.0,6444192,8216340,1226280,3,"5069:618220kB;5070:597268kB;5072:10792kB"
3392.0,6444452,8216340,1226280,3,"5069:618220kB;5070:597268kB;5072:10792kB"
3397.0,6975604,8216340,697240,3,"5069:89180kB;5070:597268kB;5072:10792kB"
3402.0,6426696,8216340,1241876,3,"5069:633816kB;5070:597268kB;5072:10792kB"
3407.1,6418592,8216340,1248676,3,"5069:640616kB;5070:597268kB;5072:10792kB"
3412.1,6415064,8216340,1248676,3,"5069:640616kB;5070:597268kB;5072:10792kB"
3417.1,6502272,8216340,1170724,3,"5069:640616kB;5070:519316kB;5072:10792kB"
3422.1,6389568,8216340,1281512,3,"5069:640616kB;5070:630104kB;5072:10792kB"
3427.2,6389568,8216340,1281512,3,"5069:640616kB;5070:630104kB;5072:10792kB"
3432.2,6389568,8216340,1281512,3,"5069:640616kB;5070:630104kB;5072:10792kB"
3437.2,6389568,8216340,1281512,3,"5069:640616kB;5070:630104kB;5072:10792kB"
3442.2,6387380,8216340,1281512,3,"5069:640616kB;5070:630104kB;5072:10792kB"
3447.2,6387380,8216340,1281512,3,"5069:640616kB;5070:630104kB;5072:10792kB"
3452.2,6384860,8216340,1281512,3,"5069:640616kB;5070:630104kB;5072:10792kB"
3457.2,6384860,8216340,1281512,3,"5069:640616kB;5070:630104kB;5072:10792kB"
3462.2,6384608,8216340,1281512,3,"5069:640616kB;5070:630104kB;5072:10792kB"
3467.3,6384608,8216340,1281512,3,"5069:640616kB;5070:630104kB;5072:10792kB"
3472.3,6384608,8216340,1281512,3,"5069:640616kB;5070:630104kB;5072:10792kB"
3477.3,6384608,8216340,1281512,3,"5069:640616kB;5070:630104kB;5072:10792kB"
3482.3,6393092,8216340,1281512,3,"5069:640616kB;5070:630104kB;5072:10792kB"
3487.3,6393092,8216340,1281512,3,"5069:640616kB;5070:630104kB;5072:10792kB"
3492.3,6393092,8216340,1281512,3,"5069:640616kB;5070:630104kB;5072:10792kB"
3497.3,6393092,8216340,1281512,3,"5069:640616kB;5070:630104kB;5072:10792kB"
3502.4,6393092,8216340,1281512,3,"5069:640616kB;5070:630104kB;5072:10792kB"
3507.4,6393092,8216340,1281512,3,"5069:640616kB;5070:630104kB;5072:10792kB"
3512.4,6393092,8216340,1281516,3,"5069:640616kB;5070:630104kB;5072:10796kB"
3517.4,6393092,8216340,1281516,3,"5069:640616kB;5070:630104kB;5072:10796kB"
3522.4,6393092,8216340,1281516,3,"5069:640616kB;5070:630104kB;5072:10796kB"
3527.4,6393092,8216340,1281516,3,"5069:640616kB;5070:630104kB;5072:10796kB"
3532.4,6393096,8216340,1281516,3,"5069:640616kB;5070:630104kB;5072:10796kB"
3537.5,6393096,8216340,1281516,3,"5069:640616kB;5070:630104kB;5072:10796kB"
3542.5,6393096,8216340,1281516,3,"5069:640616kB;5070:630104kB;5072:10796kB"
3547.5,6393888,8216340,1281516,3,"5069:640616kB;5070:630104kB;5072:10796kB"
3552.5,6393888,8216340,1281516,3,"5069:640616kB;5070:630104kB;5072:10796kB"
3557.5,6393888,8216340,1281516,3,"5069:640616kB;5070:630104kB;5072:10796kB"
3562.5,6393888,8216340,1281516,3,"5069:640616kB;5070:630104kB;5072:10796kB"
3567.5,6393888,8216340,1281516,3,"5069:640616kB;5070:630104kB;5072:10796kB"
3572.6,6393888,8216340,1281516,3,"5069:640616kB;5070:630104kB;5072:10796kB"
3577.6,6393888,8216340,1281516,3,"5069:640616kB;5070:630104kB;5072:10796kB"
3582.6,6393888,8216340,1281516,3,"5069:640616kB;5070:630104kB;5072:10796kB"
3587.6,6393132,8216340,1281516,3,"5069:640616kB;5070:630104kB;5072:10796kB"
3592.6,6393132,8216340,1281516,3,"5069:640616kB;5070:630104kB;5072:10796kB"
3597.6,6392376,8216340,1281516,3,"5069:640616kB;5070:630104kB;5072:10796kB"
3602.6,6392376,8216340,1281516,3,"5069:640616kB;5070:630104kB;5072:10796kB"
3607.7,6394812,8216340,1281516,3,"5069:640616kB;5070:630104kB;5072:10796kB"
3612.7,6394056,8216340,1281516,3,"5069:640616kB;5070:630104kB;5072:10796kB"
3617.7,6394056,8216340,1281520,3,"5069:640616kB;5070:630104kB;5072:10800kB"
3622.7,6394056,8216340,1281520,3,"5069:640616kB;5070:630104kB;5072:10800kB"
3627.7,6393300,8216340,1281520,3,"5069:640616kB;5070:630104kB;5072:10800kB"
3632.7,6393300,8216340,1281520,3,"5069:640616kB;5070:630104kB;5072:10800kB"
3637.7,6393300,8216340,1281520,3,"5069:640616kB;5070:630104kB;5072:10800kB"
3642.8,6393300,8216340,1281520,3,"5069:640616kB;5070:630104kB;5072:10800kB"
3647.8,6393300,8216340,1281520,3,"5069:640616kB;5070:630104kB;5072:10800kB"
3652.8,6393300,8216340,1281520,3,"5069:640616kB;5070:630104kB;5072:10800kB"
3657.8,6392544,8216340,1281520,3,"5069:640616kB;5070:630104kB;5072:10800kB"
3662.8,6392544,8216340,1281520,3,"5069:640616kB;5070:630104kB;5072:10800kB"
3667.8,6392544,8216340,1281520,3,"5069:640616kB;5070:630104kB;5072:10800kB"
3672.8,6392544,8216340,1281520,3,"5069:640616kB;5070:630104kB;5072:10800kB"
3677.9,6392544,8216340,1281520,3,"5069:640616kB;5070:630104kB;5072:10800kB"
3682.9,6392544,8216340,1281520,3,"5069:640616kB;5070:630104kB;5072:10800kB"
3687.9,6392544,8216340,1281520,3,"5069:640616kB;5070:630104kB;5072:10800kB"
3692.9,6392544,8216340,1281520,3,"5069:640616kB;5070:630104kB;5072:10800kB"
3697.9,6392544,8216340,1281520,3,"5069:640616kB;5070:630104kB;5072:10800kB"
3702.9,6392544,8216340,1281520,3,"5069:640616kB;5070:630104kB;5072:10800kB"
3707.9,6392544,8216340,1281520,3,"5069:640616kB;5070:630104kB;5072:10800kB"
3713.0,6392544,8216340,1281520,3,"5069:640616kB;5070:630104kB;5072:10800kB"
3718.0,6392544,8216340,1281520,3,"5069:640616kB;5070:630104kB;5072:10800kB"
3723.0,6392544,8216340,1281520,3,"5069:640616kB;5070:630104kB;5072:10800kB"
3728.0,6392544,8216340,1281520,3,"5069:640616kB;5070:630104kB;5072:10800kB"
3733.0,6392544,8216340,1281520,3,"5069:640616kB;5070:630104kB;5072:10800kB"
3738.0,6392544,8216340,1281520,3,"5069:640616kB;5070:630104kB;5072:10800kB"
3743.0,6392296,8216340,1281524,3,"5069:640616kB;5070:630104kB;5072:10804kB"
3748.0,6392296,8216340,1281524,3,"5069:640616kB;5070:630104kB;5072:10804kB"
3753.1,6392296,8216340,1281524,3,"5069:640616kB;5070:630104kB;5072:10804kB"
3758.1,6392296,8216340,1281524,3,"5069:640616kB;5070:630104kB;5072:10804kB"
3763.1,6392296,8216340,1281524,3,"5069:640616kB;5070:630104kB;5072:10804kB"
3768.1,6392296,8216340,1281524,3,"5069:640616kB;5070:630104kB;5072:10804kB"
3773.1,6392296,8216340,1281524,3,"5069:640616kB;5070:630104kB;5072:10804kB"
3778.1,6392296,8216340,1281524,3,"5069:640616kB;5070:630104kB;5072:10804kB"
3783.1,6392296,8216340,1281524,3,"5069:640616kB;5070:630104kB;5072:10804kB"
3788.1,6392296,8216340,1281524,3,"5069:640616kB;5070:630104kB;5072:10804kB"
3793.2,6392044,8216340,1281524,3,"5069:640616kB;5070:630104kB;5072:10804kB"
3798.2,6948164,8216340,729320,3,"5069:640616kB;5070:77900kB;5072:10804kB"
3803.2,6484004,8216340,1190472,3,"5069:640616kB;5070:539052kB;5072:10804kB"
3808.2,6050316,8216340,1480452,3,"5069:640616kB;5070:829032kB;5072:10804kB"
3813.2,6082408,8216340,1480452,3,"5069:640616kB;5070:829032kB;5072:10804kB"
3818.2,6126356,8216340,1480452,3,"5069:640616kB;5070:829032kB;5072:10804kB"
3823.3,6170872,8216340,1480452,3,"5069:640616kB;5070:829032kB;5072:10804kB"
3828.3,6178704,8216340,1480452,3,"5069:640616kB;5070:829032kB;5072:10804kB"
3833.3,6178704,8216340,1480452,3,"5069:640616kB;5070:829032kB;5072:10804kB"
3838.3,6183768,8216340,1480452,3,"5069:640616kB;5070:829032kB;5072:10804kB"
3843.3,6183768,8216340,1480452,3,"5069:640616kB;5070:829032kB;5072:10804kB"
3848.3,6185684,8216340,1480452,3,"5069:640616kB;5070:829032kB;5072:10804kB"
3853.3,6185936,8216340,1480452,3,"5069:640616kB;5070:829032kB;5072:10804kB"
3858.3,6185936,8216340,1480452,3,"5069:640616kB;5070:829032kB;5072:10804kB"
3863.4,6185936,8216340,1480452,3,"5069:640616kB;5070:829032kB;5072:10804kB"
3868.4,6190380,8216340,1480452,3,"5069:640616kB;5070:829032kB;5072:10804kB"
3873.4,6190380,8216340,1480456,3,"5069:640616kB;5070:829032kB;5072:10808kB"
3878.4,6190380,8216340,1480456,3,"5069:640616kB;5070:829032kB;5072:10808kB"
3883.4,6191916,8216340,1480456,3,"5069:640616kB;5070:829032kB;5072:10808kB"
3888.4,6191916,8216340,1480456,3,"5069:640616kB;5070:829032kB;5072:10808kB"
3893.4,6193276,8216340,1480456,3,"5069:640616kB;5070:829032kB;5072:10808kB"
3898.5,6193276,8216340,1480456,3,"5069:640616kB;5070:829032kB;5072:10808kB"
3903.5,6193276,8216340,1480456,3,"5069:640616kB;5070:829032kB;5072:10808kB"
3908.5,6193276,8216340,1480456,3,"5069:640616kB;5070:829032kB;5072:10808kB"
3913.5,6193276,8216340,1480456,3,"5069:640616kB;5070:829032kB;5072:10808kB"
3918.5,6193276,8216340,1480456,3,"5069:640616kB;5070:829032kB;5072:10808kB"
3923.5,6193276,8216340,1480456,3,"5069:640616kB;5070:829032kB;5072:10808kB"
3928.5,6193276,8216340,1480456,3,"5069:640616kB;5070:829032kB;5072:10808kB"
3933.5,6193276,8216340,1480456,3,"5069:640616kB;5070:829032kB;5072:10808kB"
3938.6,6193276,8216340,1480456,3,"5069:640616kB;5070:829032kB;5072:10808kB"
3943.6,6193276,8216340,1480456,3,"5069:640616kB;5070:829032kB;5072:10808kB"
3948.6,6193276,8216340,1480456,3,"5069:640616kB;5070:829032kB;5072:10808kB"
3953.6,6193276,8216340,1480456,3,"5069:640616kB;5070:829032kB;5072:10808kB"
3958.6,6193276,8216340,1480456,3,"5069:640616kB;5070:829032kB;5072:10808kB"
3963.6,6193276,8216340,1480456,3,"5069:640616kB;5070:829032kB;5072:10808kB"
3968.8,6193276,8216340,1480456,3,"5069:640616kB;5070:829032kB;5072:10808kB"
3973.8,6193276,8216340,1480456,3,"5069:640616kB;5070:829032kB;5072:10808kB"
3978.9,6193276,8216340,1480456,3,"5069:640616kB;5070:829032kB;5072:10808kB"
3983.9,6193276,8216340,1480456,3,"5069:640616kB;5070:829032kB;5072:10808kB"
3988.9,6191512,8216340,1480456,3,"5069:640616kB;5070:829032kB;5072:10808kB"
3993.9,6191260,8216340,1480456,3,"5069:640616kB;5070:829032kB;5072:10808kB"
3998.9,6191260,8216340,1480456,3,"5069:640616kB;5070:829032kB;5072:10808kB"
4003.9,6191260,8216340,1480456,3,"5069:640616kB;5070:829032kB;5072:10808kB"
4009.0,6191260,8216340,1480456,3,"5069:640616kB;5070:829032kB;5072:10808kB"
4014.0,6191272,8216340,1480456,3,"5069:640616kB;5070:829032kB;5072:10808kB"
4019.0,6190128,8216340,1480456,3,"5069:640616kB;5070:829032kB;5072:10808kB"
4024.0,6191164,8216340,1480460,3,"5069:640616kB;5070:829032kB;5072:10812kB"
4029.0,6191164,8216340,1480460,3,"5069:640616kB;5070:829032kB;5072:10812kB"
4034.0,6191164,8216340,1480460,3,"5069:640616kB;5070:829032kB;5072:10812kB"
4039.0,6191164,8216340,1480460,3,"5069:640616kB;5070:829032kB;5072:10812kB"
4044.1,6191164,8216340,1480460,3,"5069:640616kB;5070:829032kB;5072:10812kB"
4049.1,6191164,8216340,1480460,3,"5069:640616kB;5070:829032kB;5072:10812kB"
4054.1,6191164,8216340,1480460,3,"5069:640616kB;5070:829032kB;5072:10812kB"
4059.1,6191164,8216340,1480460,3,"5069:640616kB;5070:829032kB;5072:10812kB"
4064.1,6191164,8216340,1480460,3,"5069:640616kB;5070:829032kB;5072:10812kB"
4069.1,6191168,8216340,1480460,3,"5069:640616kB;5070:829032kB;5072:10812kB"
4074.1,6191168,8216340,1480460,3,"5069:640616kB;5070:829032kB;5072:10812kB"
4079.2,6191168,8216340,1480460,3,"5069:640616kB;5070:829032kB;5072:10812kB"
4084.2,6191168,8216340,1480460,3,"5069:640616kB;5070:829032kB;5072:10812kB"
4089.2,6191168,8216340,1480460,3,"5069:640616kB;5070:829032kB;5072:10812kB"
4094.2,6191168,8216340,1480460,3,"5069:640616kB;5070:829032kB;5072:10812kB"
4099.2,6191168,8216340,1480460,3,"5069:640616kB;5070:829032kB;5072:10812kB"
4104.2,6191160,8216340,1480460,3,"5069:640616kB;5070:829032kB;5072:10812kB"
4109.2,6191160,8216340,1480460,3,"5069:640616kB;5070:829032kB;5072:10812kB"
4114.3,6191160,8216340,1480460,3,"5069:640616kB;5070:829032kB;5072:10812kB"
4119.3,6191160,8216340,1480460,3,"5069:640616kB;5070:829032kB;5072:10812kB"
4124.3,6192576,8216340,1480460,3,"5069:640616kB;5070:829032kB;5072:10812kB"
4129.3,6192576,8216340,1480464,3,"5069:640616kB;5070:829032kB;5072:10816kB"
4134.3,6195636,8216340,1480464,3,"5069:640616kB;5070:829032kB;5072:10816kB"
4139.3,6194628,8216340,1480464,3,"5069:640616kB;5070:829032kB;5072:10816kB"
4144.3,6195344,8216340,1480464,3,"5069:640616kB;5070:829032kB;5072:10816kB"
4149.3,6195344,8216340,1480464,3,"5069:640616kB;5070:829032kB;5072:10816kB"
4154.4,6193988,8216340,1480464,3,"5069:640616kB;5070:829032kB;5072:10816kB"
4159.4,6193988,8216340,1480464,3,"5069:640616kB;5070:829032kB;5072:10816kB"
4164.4,6193988,8216340,1480464,3,"5069:640616kB;5070:829032kB;5072:10816kB"
4169.4,6193988,8216340,1480464,3,"5069:640616kB;5070:829032kB;5072:10816kB"
4174.4,6193988,8216340,1480464,3,"5069:640616kB;5070:829032kB;5072:10816kB"
4179.4,6192788,8216340,1480464,3,"5069:640616kB;5070:829032kB;5072:10816kB"
4184.4,6192788,8216340,1480464,3,"5069:640616kB;5070:829032kB;5072:10816kB"
4189.5,6620548,8216340,1047760,3,"5069:207912kB;5070:829032kB;5072:10816kB"
4194.5,6201068,8216340,1486184,3,"5069:646336kB;5070:829032kB;5072:10816kB"
4199.5,5747224,8216340,1936992,3,"5069:1097144kB;5070:829032kB;5072:10816kB"
4204.5,5603268,8216340,2079992,3,"5069:1240144kB;5070:829032kB;5072:10816kB"
4209.5,5443748,8216340,2240108,3,"5069:1400260kB;5070:829032kB;5072:10816kB"
4214.6,5443748,8216340,2240108,3,"5069:1400260kB;5070:829032kB;5072:10816kB"
4219.6,5443748,8216340,2240108,3,"5069:1400260kB;5070:829032kB;5072:10816kB"
4224.6,5905344,8216340,1788652,3,"5069:1400260kB;5070:377576kB;5072:10816kB"
4229.6,5496512,8216340,2195016,3,"5069:1400260kB;5070:783940kB;5072:10816kB"
4234.6,5311280,8216340,2277520,3,"5069:1400260kB;5070:866444kB;5072:10816kB"
4239.6,5327600,8216340,2277520,3,"5069:1400260kB;5070:866444kB;5072:10816kB"
4244.7,5372408,8216340,2277520,3,"5069:1400260kB;5070:866444kB;5072:10816kB"
4249.7,5388428,8216340,2277520,3,"5069:1400260kB;5070:866444kB;5072:10816kB"
4254.7,5389116,8216340,2277524,3,"5069:1400260kB;5070:866444kB;5072:10820kB"
4259.7,5389116,8216340,2277524,3,"5069:1400260kB;5070:866444kB;5072:10820kB"
4264.7,5389116,8216340,2277524,3,"5069:1400260kB;5070:866444kB;5072:10820kB"
4269.7,5389116,8216340,2277524,3,"5069:1400260kB;5070:866444kB;5072:10820kB"
4274.8,5389116,8216340,2277524,3,"5069:1400260kB;5070:866444kB;5072:10820kB"
4279.8,5389116,8216340,2277524,3,"5069:1400260kB;5070:866444kB;5072:10820kB"
4284.8,5389116,8216340,2277524,3,"5069:1400260kB;5070:866444kB;5072:10820kB"
4289.8,5389116,8216340,2277524,3,"5069:1400260kB;5070:866444kB;5072:10820kB"
4294.8,5389116,8216340,2277524,3,"5069:1400260kB;5070:866444kB;5072:10820kB"
4299.8,5389116,8216340,2277524,3,"5069:1400260kB;5070:866444kB;5072:10820kB"
4304.8,5389116,8216340,2277524,3,"5069:1400260kB;5070:866444kB;5072:10820kB"
4309.8,5389116,8216340,2277524,3,"5069:1400260kB;5070:866444kB;5072:10820kB"
4314.9,5389116,8216340,2277524,3,"5069:1400260kB;5070:866444kB;5072:10820kB"
4319.9,5389116,8216340,2277524,3,"5069:1400260kB;5070:866444kB;5072:10820kB"
4324.9,5389988,8216340,2277524,3,"5069:1400260kB;5070:866444kB;5072:10820kB"
4329.9,5389988,8216340,2277524,3,"5069:1400260kB;5070:866444kB;5072:10820kB"
4334.9,5389988,8216340,2277524,3,"5069:1400260kB;5070:866444kB;5072:10820kB"
4339.9,5389992,8216340,2277524,3,"5069:1400260kB;5070:866444kB;5072:10820kB"
4344.9,5389992,8216340,2277524,3,"5069:1400260kB;5070:866444kB;5072:10820kB"
4349.9,5389992,8216340,2277524,3,"5069:1400260kB;5070:866444kB;5072:10820kB"
4355.0,5391804,8216340,2277524,3,"5069:1400260kB;5070:866444kB;5072:10820kB"
4360.0,5391804,8216340,2277524,3,"5069:1400260kB;5070:866444kB;5072:10820kB"
4365.0,5391804,8216340,2277524,3,"5069:1400260kB;5070:866444kB;5072:10820kB"
4370.0,5391804,8216340,2277524,3,"5069:1400260kB;5070:866444kB;5072:10820kB"
4375.0,5391804,8216340,2277524,3,"5069:1400260kB;5070:866444kB;5072:10820kB"
4380.0,5393704,8216340,2277524,3,"5069:1400260kB;5070:866444kB;5072:10820kB"
4385.0,5393704,8216340,2277528,3,"5069:1400260kB;5070:866444kB;5072:10824kB"
4390.1,5393704,8216340,2277528,3,"5069:1400260kB;5070:866444kB;5072:10824kB"
4395.1,5393704,8216340,2277528,3,"5069:1400260kB;5070:866444kB;5072:10824kB"
4400.1,5393704,8216340,2277528,3,"5069:1400260kB;5070:866444kB;5072:10824kB"
4405.1,5393704,8216340,2277528,3,"5069:1400260kB;5070:866444kB;5072:10824kB"
4410.1,5393704,8216340,2277528,3,"5069:1400260kB;5070:866444kB;5072:10824kB"
4415.1,5393704,8216340,2277528,3,"5069:1400260kB;5070:866444kB;5072:10824kB"
4420.1,5393704,8216340,2277528,3,"5069:1400260kB;5070:866444kB;5072:10824kB"
4425.2,5393704,8216340,2277528,3,"5069:1400260kB;5070:866444kB;5072:10824kB"
4430.2,5393704,8216340,2277528,3,"5069:1400260kB;5070:866444kB;5072:10824kB"
4435.2,5393704,8216340,2277528,3,"5069:1400260kB;5070:866444kB;5072:10824kB"
4440.2,5393704,8216340,2277528,3,"5069:1400260kB;5070:866444kB;5072:10824kB"
4445.2,5393704,8216340,2277528,3,"5069:1400260kB;5070:866444kB;5072:10824kB"
4450.2,5393704,8216340,2277528,3,"5069:1400260kB;5070:866444kB;5072:10824kB"
4455.2,5393704,8216340,2277528,3,"5069:1400260kB;5070:866444kB;5072:10824kB"
4460.3,5393704,8216340,2277528,3,"5069:1400260kB;5070:866444kB;5072:10824kB"
4465.3,5393704,8216340,2277528,3,"5069:1400260kB;5070:866444kB;5072:10824kB"
4470.3,5393704,8216340,2277528,3,"5069:1400260kB;5070:866444kB;5072:10824kB"
4475.3,5393704,8216340,2277528,3,"5069:1400260kB;5070:866444kB;5072:10824kB"
4480.3,5393704,8216340,2277528,3,"5069:1400260kB;5070:866444kB;5072:10824kB"
4485.3,5393704,8216340,2277528,3,"5069:1400260kB;5070:866444kB;5072:10824kB"
4490.3,5393704,8216340,2277528,3,"5069:1400260kB;5070:866444kB;5072:10824kB"
4495.4,5393704,8216340,2277528,3,"5069:1400260kB;5070:866444kB;5072:10824kB"
4500.4,5393704,8216340,2277528,3,"5069:1400260kB;5070:866444kB;5072:10824kB"
4505.4,5393704,8216340,2277528,3,"5069:1400260kB;5070:866444kB;5072:10824kB"
4510.4,5393704,8216340,2277528,3,"5069:1400260kB;5070:866444kB;5072:10824kB"
4515.4,5393704,8216340,2277528,3,"5069:1400260kB;5070:866444kB;5072:10824kB"
4520.4,5393704,8216340,2277528,3,"5069:1400260kB;5070:866444kB;5072:10824kB"
4525.5,5393704,8216340,2277528,3,"5069:1400260kB;5070:866444kB;5072:10824kB"
4530.5,5393704,8216340,2277528,3,"5069:1400260kB;5070:866444kB;5072:10824kB"
4535.5,5393704,8216340,2277532,3,"5069:1400260kB;5070:866444kB;5072:10828kB"
4540.5,5393704,8216340,2277532,3,"5069:1400260kB;5070:866444kB;5072:10828kB"
4545.5,5393704,8216340,2277532,3,"5069:1400260kB;5070:866444kB;5072:10828kB"
4550.5,5393704,8216340,2277532,3,"5069:1400260kB;5070:866444kB;5072:10828kB"
4556.0,5393704,8216340,2277532,3,"5069:1400260kB;5070:866444kB;5072:10828kB"
4561.0,5393704,8216340,2277532,3,"5069:1400260kB;5070:866444kB;5072:10828kB"
4566.0,5393704,8216340,2277532,3,"5069:1400260kB;5070:866444kB;5072:10828kB"
4571.0,5393704,8216340,2277532,3,"5069:1400260kB;5070:866444kB;5072:10828kB"
4576.0,5393704,8216340,2277532,3,"5069:1400260kB;5070:866444kB;5072:10828kB"
4581.1,5393704,8216340,2277532,3,"5069:1400260kB;5070:866444kB;5072:10828kB"
4586.1,5393704,8216340,2277532,3,"5069:1400260kB;5070:866444kB;5072:10828kB"
4591.1,5393456,8216340,2277532,3,"5069:1400260kB;5070:866444kB;5072:10828kB"
4596.1,5389684,8216340,2277532,3,"5069:1400260kB;5070:866444kB;5072:10828kB"
4601.1,5388928,8216340,2277532,3,"5069:1400260kB;5070:866444kB;5072:10828kB"
4606.2,5388932,8216340,2277532,3,"5069:1400260kB;5070:866444kB;5072:10828kB"
4611.2,5388932,8216340,2277532,3,"5069:1400260kB;5070:866444kB;5072:10828kB"
4616.2,5388932,8216340,2277532,3,"5069:1400260kB;5070:866444kB;5072:10828kB"
4621.2,5390988,8216340,2277532,3,"5069:1400260kB;5070:866444kB;5072:10828kB"
4626.2,5391260,8216340,2277532,3,"5069:1400260kB;5070:866444kB;5072:10828kB"
4631.2,5391512,8216340,2277532,3,"5069:1400260kB;5070:866444kB;5072:10828kB"
4636.3,5391512,8216340,2277532,3,"5069:1400260kB;5070:866444kB;5072:10828kB"
4641.3,5391512,8216340,2277536,3,"5069:1400260kB;5070:866444kB;5072:10832kB"
4646.3,5391512,8216340,2277536,3,"5069:1400260kB;5070:866444kB;5072:10832kB"
4651.3,5390756,8216340,2277536,3,"5069:1400260kB;5070:866444kB;5072:10832kB"
4656.3,5390756,8216340,2277536,3,"5069:1400260kB;5070:866444kB;5072:10832kB"
4661.3,5390756,8216340,2277536,3,"5069:1400260kB;5070:866444kB;5072:10832kB"
4666.3,5636296,8216340,2016464,3,"5069:1400260kB;5070:605372kB;5072:10832kB"
4671.4,5711464,8216340,1970780,3,"5069:1400260kB;5070:559688kB;5072:10832kB"
4676.4,5299636,8216340,2317420,3,"5069:1400260kB;5070:906328kB;5072:10832kB"
4681.4,5299636,8216340,2317420,3,"5069:1400260kB;5070:906328kB;5072:10832kB"
4686.4,5311200,8216340,2317420,3,"5069:1400260kB;5070:906328kB;5072:10832kB"
4691.4,5342484,8216340,2317420,3,"5069:1400260kB;5070:906328kB;5072:10832kB"
4696.5,5350600,8216340,2317420,3,"5069:1400260kB;5070:906328kB;5072:10832kB"
4701.5,5349592,8216340,2317420,3,"5069:1400260kB;5070:906328kB;5072:10832kB"
4706.5,5349592,8216340,2317420,3,"5069:1400260kB;5070:906328kB;5072:10832kB"
4711.5,5349596,8216340,2317420,3,"5069:1400260kB;5070:906328kB;5072:10832kB"
4716.5,5349596,8216340,2317420,3,"5069:1400260kB;5070:906328kB;5072:10832kB"
4721.5,5349596,8216340,2317420,3,"5069:1400260kB;5070:906328kB;5072:10832kB"
4726.5,5349596,8216340,2317420,3,"5069:1400260kB;5070:906328kB;5072:10832kB"
4731.5,5349596,8216340,2317420,3,"5069:1400260kB;5070:906328kB;5072:10832kB"
4736.6,5349596,8216340,2317420,3,"5069:1400260kB;5070:906328kB;5072:10832kB"
4741.6,5349596,8216340,2317420,3,"5069:1400260kB;5070:906328kB;5072:10832kB"
4746.6,5349596,8216340,2317420,3,"5069:1400260kB;5070:906328kB;5072:10832kB"
4751.6,5349596,8216340,2317420,3,"5069:1400260kB;5070:906328kB;5072:10832kB"
4756.6,5349596,8216340,2317420,3,"5069:1400260kB;5070:906328kB;5072:10832kB"
4761.6,5349596,8216340,2317420,3,"5069:1400260kB;5070:906328kB;5072:10832kB"
4766.6,5349596,8216340,2317424,3,"5069:1400260kB;5070:906328kB;5072:10836kB"
4771.7,5349596,8216340,2317424,3,"5069:1400260kB;5070:906328kB;5072:10836kB"
4776.7,5349596,8216340,2317424,3,"5069:1400260kB;5070:906328kB;5072:10836kB"
4781.7,5349596,8216340,2317424,3,"5069:1400260kB;5070:906328kB;5072:10836kB"
4786.7,5349596,8216340,2317424,3,"5069:1400260kB;5070:906328kB;5072:10836kB"
4791.7,5349596,8216340,2317424,3,"5069:1400260kB;5070:906328kB;5072:10836kB"
4796.7,5349596,8216340,2317424,3,"5069:1400260kB;5070:906328kB;5072:10836kB"
4801.7,5349596,8216340,2317424,3,"5069:1400260kB;5070:906328kB;5072:10836kB"
4806.7,5349596,8216340,2317424,3,"5069:1400260kB;5070:906328kB;5072:10836kB"
4811.8,5349596,8216340,2317424,3,"5069:1400260kB;5070:906328kB;5072:10836kB"
4816.8,5349596,8216340,2317424,3,"5069:1400260kB;5070:906328kB;5072:10836kB"
4821.8,5349596,8216340,2317424,3,"5069:1400260kB;5070:906328kB;5072:10836kB"
4826.8,5349596,8216340,2317424,3,"5069:1400260kB;5070:906328kB;5072:10836kB"
4831.8,5349596,8216340,2317424,3,"5069:1400260kB;5070:906328kB;5072:10836kB"
4836.8,5349596,8216340,2317424,3,"5069:1400260kB;5070:906328kB;5072:10836kB"
4841.8,5352564,8216340,2317424,3,"5069:1400260kB;5070:906328kB;5072:10836kB"
4846.9,5352564,8216340,2317424,3,"5069:1400260kB;5070:906328kB;5072:10836kB"
4851.9,5353700,8216340,2317424,3,"5069:1400260kB;5070:906328kB;5072:10836kB"
4856.9,5354032,8216340,2317424,3,"5069:1400260kB;5070:906328kB;5072:10836kB"
4861.9,5356688,8216340,2317552,3,"5069:1400388kB;5070:906328kB;5072:10836kB"
4866.9,5356748,8216340,2317552,3,"5069:1400388kB;5070:906328kB;5072:10836kB"
4872.0,5355996,8216340,2317552,3,"5069:1400388kB;5070:906328kB;5072:10836kB"
4877.0,5355996,8216340,2317552,3,"5069:1400388kB;5070:906328kB;5072:10836kB"
4882.0,5355996,8216340,2317552,3,"5069:1400388kB;5070:906328kB;5072:10836kB"
4887.0,5355996,8216340,2317552,3,"5069:1400388kB;5070:906328kB;5072:10836kB"
4892.0,5355996,8216340,2317552,3,"5069:1400388kB;5070:906328kB;5072:10836kB"
4897.0,5355996,8216340,2317556,3,"5069:1400388kB;5070:906328kB;5072:10840kB"
4902.0,5355996,8216340,2317556,3,"5069:1400388kB;5070:906328kB;5072:10840kB"
4907.1,5355996,8216340,2317556,3,"5069:1400388kB;5070:906328kB;5072:10840kB"
4912.1,5355996,8216340,2317556,3,"5069:1400388kB;5070:906328kB;5072:10840kB"
4917.1,5355996,8216340,2317556,3,"5069:1400388kB;5070:906328kB;5072:10840kB"
4922.1,5355996,8216340,2317556,3,"5069:1400388kB;5070:906328kB;5072:10840kB"
4927.1,5355240,8216340,2317556,3,"5069:1400388kB;5070:906328kB;5072:10840kB"
4932.1,5355240,8216340,2317556,3,"5069:1400388kB;5070:906328kB;5072:10840kB"
4937.1,5355240,8216340,2317556,3,"5069:1400388kB;5070:906328kB;5072:10840kB"
4942.2,5355240,8216340,2317556,3,"5069:1400388kB;5070:906328kB;5072:10840kB"
4947.2,5355240,8216340,2317556,3,"5069:1400388kB;5070:906328kB;5072:10840kB"
4952.2,5355240,8216340,2317556,3,"5069:1400388kB;5070:906328kB;5072:10840kB"
4957.2,5354484,8216340,2317556,3,"5069:1400388kB;5070:906328kB;5072:10840kB"
4962.2,5354484,8216340,2317556,3,"5069:1400388kB;5070:906328kB;5072:10840kB"
4967.2,5356688,8216340,2317556,3,"5069:1400388kB;5070:906328kB;5072:10840kB"
4972.2,5355408,8216340,2317556,3,"5069:1400388kB;5070:906328kB;5072:10840kB"
4977.2,5355408,8216340,2317556,3,"5069:1400388kB;5070:906328kB;5072:10840kB"
4982.2,5355408,8216340,2317556,3,"5069:1400388kB;5070:906328kB;5072:10840kB"
4987.3,5355408,8216340,2317556,3,"5069:1400388kB;5070:906328kB;5072:10840kB"
4992.3,5355408,8216340,2317556,3,"5069:1400388kB;5070:906328kB;5072:10840kB"
4997.3,5355408,8216340,2317556,3,"5069:1400388kB;5070:906328kB;5072:10840kB"
5002.3,5520564,8216340,2146196,3,"5069:1229028kB;5070:906328kB;5072:10840kB"
5007.3,6750136,8216340,917168,2,"5070:906328kB;5072:10840kB"
5012.3,6750136,8216340,917168,2,"5070:906328kB;5072:10840kB"
5017.3,6750136,8216340,917168,2,"5070:906328kB;5072:10840kB"
5022.3,6750136,8216340,917168,2,"5070:906328kB;5072:10840kB"
5027.3,6750136,8216340,917168,2,"5070:906328kB;5072:10840kB"
5032.3,6749884,8216340,917168,2,"5070:906328kB;5072:10840kB"
5037.3,6749884,8216340,917168,2,"5070:906328kB;5072:10840kB"
5042.3,6749884,8216340,917168,2,"5070:906328kB;5072:10840kB"
5047.4,6749884,8216340,917172,2,"5070:906328kB;5072:10844kB"
5052.4,6749884,8216340,917172,2,"5070:906328kB;5072:10844kB"
5057.4,6749884,8216340,917172,2,"5070:906328kB;5072:10844kB"
5062.4,6749884,8216340,917172,2,"5070:906328kB;5072:10844kB"
5067.4,6749884,8216340,917172,2,"5070:906328kB;5072:10844kB"
5072.4,6749632,8216340,917172,2,"5070:906328kB;5072:10844kB"
5077.4,6749632,8216340,917172,2,"5070:906328kB;5072:10844kB"
5082.4,6748120,8216340,917172,2,"5070:906328kB;5072:10844kB"
5087.4,6748120,8216340,917172,2,"5070:906328kB;5072:10844kB"
5092.4,6748120,8216340,917172,2,"5070:906328kB;5072:10844kB"
5097.4,6748120,8216340,917172,2,"5070:906328kB;5072:10844kB"
5102.4,6748120,8216340,917172,2,"5070:906328kB;5072:10844kB"
5107.4,6748120,8216340,917172,2,"5070:906328kB;5072:10844kB"
5112.4,6748120,8216340,917172,2,"5070:906328kB;5072:10844kB"
5117.4,6748120,8216340,917172,2,"5070:906328kB;5072:10844kB"
5122.5,6748120,8216340,917172,2,"5070:906328kB;5072:10844kB"
5127.5,6748120,8216340,917172,2,"5070:906328kB;5072:10844kB"
5132.5,6748120,8216340,917172,2,"5070:906328kB;5072:10844kB"
5137.5,6748120,8216340,917172,2,"5070:906328kB;5072:10844kB"
5142.5,6748120,8216340,917172,2,"5070:906328kB;5072:10844kB"
5147.5,6748120,8216340,917172,2,"5070:906328kB;5072:10844kB"
5152.5,6748120,8216340,917176,2,"5070:906328kB;5072:10848kB"
5157.5,6748120,8216340,917176,2,"5070:906328kB;5072:10848kB"
5162.5,6748120,8216340,917176,2,"5070:906328kB;5072:10848kB"
5167.5,7136648,8216340,559028,2,"5070:548180kB;5072:10848kB"
5172.6,6686244,8216340,998116,2,"5070:987268kB;5072:10848kB"
5177.6,6516388,8216340,1163456,2,"5070:1152608kB;5072:10848kB"
5182.6,6498240,8216340,1175520,2,"5070:1164672kB;5072:10848kB"
5187.6,6498240,8216340,1175520,2,"5070:1164672kB;5072:10848kB"
5192.6,6498240,8216340,1175524,2,"5070:1164676kB;5072:10848kB"
5197.6,6498240,8216340,1175524,2,"5070:1164676kB;5072:10848kB"
5202.6,6497988,8216340,1175524,2,"5070:1164676kB;5072:10848kB"
5207.6,6497988,8216340,1175524,2,"5070:1164676kB;5072:10848kB"
5212.6,6497232,8216340,1175524,2,"5070:1164676kB;5072:10848kB"
5217.6,6497232,8216340,1175524,2,"5070:1164676kB;5072:10848kB"
5222.6,6496980,8216340,1175524,2,"5070:1164676kB;5072:10848kB"
5227.6,6496980,8216340,1175524,2,"5070:1164676kB;5072:10848kB"
5232.7,6496980,8216340,1175524,2,"5070:1164676kB;5072:10848kB"
5237.7,6496980,8216340,1175524,2,"5070:1164676kB;5072:10848kB"
5242.7,6496980,8216340,1175524,2,"5070:1164676kB;5072:10848kB"
5247.7,6496980,8216340,1175524,2,"5070:1164676kB;5072:10848kB"
5252.7,6496980,8216340,1175524,2,"5070:1164676kB;5072:10848kB"
5257.8,6496980,8216340,1175524,2,"5070:1164676kB;5072:10848kB"
5262.8,6496980,8216340,1175524,2,"5070:1164676kB;5072:10848kB"
5267.8,6496980,8216340,1175524,2,"5070:1164676kB;5072:10848kB"
5272.8,6496980,8216340,1175524,2,"5070:1164676kB;5072:10848kB"
5277.8,6496980,8216340,1175528,2,"5070:1164676kB;5072:10852kB"
5282.8,6496980,8216340,1175528,2,"5070:1164676kB;5072:10852kB"
5287.8,6496980,8216340,1175528,2,"5070:1164676kB;5072:10852kB"
5292.8,6496980,8216340,1175528,2,"5070:1164676kB;5072:10852kB"
5297.8,6496980,8216340,1175528,2,"5070:1164676kB;5072:10852kB"
5302.8,6496980,8216340,1175528,2,"5070:1164676kB;5072:10852kB"
5307.8,6496980,8216340,1175528,2,"5070:1164676kB;5072:10852kB"
5312.8,6496980,8216340,1175528,2,"5070:1164676kB;5072:10852kB"
5317.8,6496980,8216340,1175528,2,"5070:1164676kB;5072:10852kB"
5322.8,6496980,8216340,1175528,2,"5070:1164676kB;5072:10852kB"
5327.9,6496980,8216340,1175528,2,"5070:1164676kB;5072:10852kB"
5332.9,6496980,8216340,1175528,2,"5070:1164676kB;5072:10852kB"
5337.9,6496980,8216340,1175528,2,"5070:1164676kB;5072:10852kB"
5342.9,6496980,8216340,1175528,2,"5070:1164676kB;5072:10852kB"
5347.9,6496980,8216340,1175528,2,"5070:1164676kB;5072:10852kB"
5352.9,6496980,8216340,1175528,2,"5070:1164676kB;5072:10852kB"
5357.9,6496980,8216340,1175528,2,"5070:1164676kB;5072:10852kB"
5362.9,6496980,8216340,1175528,2,"5070:1164676kB;5072:10852kB"
5367.9,6496980,8216340,1175528,2,"5070:1164676kB;5072:10852kB"
5372.9,6496984,8216340,1175528,2,"5070:1164676kB;5072:10852kB"
5377.9,6496984,8216340,1175528,2,"5070:1164676kB;5072:10852kB"
5382.9,6496984,8216340,1175528,2,"5070:1164676kB;5072:10852kB"
5387.9,6496984,8216340,1175528,2,"5070:1164676kB;5072:10852kB"
5392.9,6496984,8216340,1175528,2,"5070:1164676kB;5072:10852kB"
5398.0,6496984,8216340,1175528,2,"5070:1164676kB;5072:10852kB"
5403.0,6496984,8216340,1175528,2,"5070:1164676kB;5072:10852kB"
5408.0,6496984,8216340,1175532,2,"5070:1164676kB;5072:10856kB"
5413.0,6496984,8216340,1175532,2,"5070:1164676kB;5072:10856kB"
5418.0,6496984,8216340,1175532,2,"5070:1164676kB;5072:10856kB"
5423.0,6496984,8216340,1175532,2,"5070:1164676kB;5072:10856kB"
5428.0,6496984,8216340,1175532,2,"5070:1164676kB;5072:10856kB"
5433.0,6496984,8216340,1175532,2,"5070:1164676kB;5072:10856kB"
5438.0,6496984,8216340,1175532,2,"5070:1164676kB;5072:10856kB"
5443.0,6496984,8216340,1175532,2,"5070:1164676kB;5072:10856kB"
5448.0,6496984,8216340,1175532,2,"5070:1164676kB;5072:10856kB"
5453.0,6496984,8216340,1175532,2,"5070:1164676kB;5072:10856kB"
5458.0,6496984,8216340,1175532,2,"5070:1164676kB;5072:10856kB"
5463.0,6496984,8216340,1175532,2,"5070:1164676kB;5072:10856kB"
5468.0,6496984,8216340,1175532,2,"5070:1164676kB;5072:10856kB"
5473.0,6496984,8216340,1175532,2,"5070:1164676kB;5072:10856kB"
5478.1,6496984,8216340,1175532,2,"5070:1164676kB;5072:10856kB"
5483.1,6496984,8216340,1175532,2,"5070:1164676kB;5072:10856kB"
5488.1,6496984,8216340,1175532,2,"5070:1164676kB;5072:10856kB"
5493.1,6496984,8216340,1175532,2,"5070:1164676kB;5072:10856kB"
5498.1,6496988,8216340,1175532,2,"5070:1164676kB;5072:10856kB"
5503.1,7121804,8216340,515208,2,"5070:504352kB;5072:10856kB"
5508.1,6638184,8216340,907148,2,"5070:896292kB;5072:10856kB"
5513.1,6462092,8216340,1216924,2,"5070:1206068kB;5072:10856kB"
5518.1,6389448,8216340,1284160,2,"5070:1273304kB;5072:10856kB"
5523.1,6389448,8216340,1284160,2,"5070:1273304kB;5072:10856kB"
5528.1,6389448,8216340,1284160,2,"5070:1273304kB;5072:10856kB"
5533.1,6389448,8216340,1284160,2,"5070:1273304kB;5072:10856kB"
5538.1,6389448,8216340,1284160,2,"5070:1273304kB;5072:10856kB"
5543.1,6389448,8216340,1284160,2,"5070:1273304kB;5072:10856kB"
5548.1,6389448,8216340,1284160,2,"5070:1273304kB;5072:10856kB"
5553.2,6389448,8216340,1284160,2,"5070:1273304kB;5072:10856kB"
5558.2,6389448,8216340,1284164,2,"5070:1273304kB;5072:10860kB"
5563.2,6389448,8216340,1284164,2,"5070:1273304kB;5072:10860kB"
5568.2,6389448,8216340,1284164,2,"5070:1273304kB;5072:10860kB"
5573.2,6389448,8216340,1284164,2,"5070:1273304kB;5072:10860kB"
5578.2,6389448,8216340,1284164,2,"5070:1273304kB;5072:10860kB"
5583.2,6389448,8216340,1284164,2,"5070:1273304kB;5072:10860kB"
5588.2,6389448,8216340,1284164,2,"5070:1273304kB;5072:10860kB"
5593.2,6389448,8216340,1284164,2,"5070:1273304kB;5072:10860kB"
5598.2,6389448,8216340,1284164,2,"5070:1273304kB;5072:10860kB"
5603.2,6389448,8216340,1284164,2,"5070:1273304kB;5072:10860kB"
5608.2,6389448,8216340,1284164,2,"5070:1273304kB;5072:10860kB"
5613.3,6389448,8216340,1284164,2,"5070:1273304kB;5072:10860kB"
5618.3,6389448,8216340,1284164,2,"5070:1273304kB;5072:10860kB"
5623.3,6389448,8216340,1284164,2,"5070:1273304kB;5072:10860kB"
5628.3,6389448,8216340,1284164,2,"5070:1273304kB;5072:10860kB"
5633.3,6389448,8216340,1284164,2,"5070:1273304kB;5072:10860kB"
5638.3,6389448,8216340,1284164,2,"5070:1273304kB;5072:10860kB"
5643.3,6389448,8216340,1284164,2,"5070:1273304kB;5072:10860kB"
5648.3,6389448,8216340,1284164,2,"5070:1273304kB;5072:10860kB"
5653.3,6389448,8216340,1284164,2,"5070:1273304kB;5072:10860kB"
5658.3,6389448,8216340,1284164,2,"5070:1273304kB;5072:10860kB"
5663.3,6389448,8216340,1284168,2,"5070:1273304kB;5072:10864kB"
5668.4,6389448,8216340,1284168,2,"5070:1273304kB;5072:10864kB"
5673.4,6389448,8216340,1284168,2,"5070:1273304kB;5072:10864kB"
5678.4,6389448,8216340,1284168,2,"5070:1273304kB;5072:10864kB"
5683.4,6389448,8216340,1284168,2,"5070:1273304kB;5072:10864kB"
5688.4,6389448,8216340,1284168,2,"5070:1273304kB;5072:10864kB"
5693.4,6389448,8216340,1284168,2,"5070:1273304kB;5072:10864kB"
5698.4,6389448,8216340,1284168,2,"5070:1273304kB;5072:10864kB"
5703.4,6389452,8216340,1284168,2,"5070:1273304kB;5072:10864kB"
5708.4,6389452,8216340,1284168,2,"5070:1273304kB;5072:10864kB"
5713.4,6389452,8216340,1284168,2,"5070:1273304kB;5072:10864kB"
5718.4,6389452,8216340,1284168,2,"5070:1273304kB;5072:10864kB"
5723.4,6389452,8216340,1284168,2,"5070:1273304kB;5072:10864kB"
5728.4,6389452,8216340,1284168,2,"5070:1273304kB;5072:10864kB"
5733.4,6389452,8216340,1284168,2,"5070:1273304kB;5072:10864kB"
5738.4,6389452,8216340,1284168,2,"5070:1273304kB;5072:10864kB"
5743.5,6389212,8216340,1284168,2,"5070:1273304kB;5072:10864kB"
5748.5,6389212,8216340,1284168,2,"5070:1273304kB;5072:10864kB"
5753.5,6389212,8216340,1284168,2,"5070:1273304kB;5072:10864kB"
5758.5,6389212,8216340,1284168,2,"5070:1273304kB;5072:10864kB"
5763.5,6389212,8216340,1284168,2,"5070:1273304kB;5072:10864kB"
5768.5,6387972,8216340,1284168,2,"5070:1273304kB;5072:10864kB"
5773.5,6387952,8216340,1284168,2,"5070:1273304kB;5072:10864kB"
5778.5,6387196,8216340,1284168,2,"5070:1273304kB;5072:10864kB"
5783.5,6387196,8216340,1284168,2,"5070:1273304kB;5072:10864kB"
5788.5,6387196,8216340,1284172,2,"5070:1273304kB;5072:10868kB"
5793.5,6387196,8216340,1284172,2,"5070:1273304kB;5072:10868kB"
5798.5,6387196,8216340,1284172,2,"5070:1273304kB;5072:10868kB"
5803.5,6387196,8216340,1284172,2,"5070:1273304kB;5072:10868kB"
5808.5,6387196,8216340,1284172,2,"5070:1273304kB;5072:10868kB"
5813.5,6387196,8216340,1284172,2,"5070:1273304kB;5072:10868kB"
5818.6,6387196,8216340,1284172,2,"5070:1273304kB;5072:10868kB"
5823.6,6387200,8216340,1284172,2,"5070:1273304kB;5072:10868kB"
5828.6,6387200,8216340,1284172,2,"5070:1273304kB;5072:10868kB"
5833.6,6387200,8216340,1284172,2,"5070:1273304kB;5072:10868kB"
5838.6,6387200,8216340,1284172,2,"5070:1273304kB;5072:10868kB"
5843.6,6387200,8216340,1284172,2,"5070:1273304kB;5072:10868kB"
5848.9,6387200,8216340,1284172,2,"5070:1273304kB;5072:10868kB"
5853.9,6387200,8216340,1284172,2,"5070:1273304kB;5072:10868kB"
5858.9,6387200,8216340,1284172,2,"5070:1273304kB;5072:10868kB"
5863.9,6387200,8216340,1284172,2,"5070:1273304kB;5072:10868kB"
5869.0,6387200,8216340,1284172,2,"5070:1273304kB;5072:10868kB"
5874.0,6387200,8216340,1284172,2,"5070:1273304kB;5072:10868kB"
5879.0,6387200,8216340,1284172,2,"5070:1273304kB;5072:10868kB"
5884.0,6387200,8216340,1284172,2,"5070:1273304kB;5072:10868kB"
5889.0,6387200,8216340,1284172,2,"5070:1273304kB;5072:10868kB"
5894.0,6387200,8216340,1284172,2,"5070:1273304kB;5072:10868kB"
5899.0,6387200,8216340,1284172,2,"5070:1273304kB;5072:10868kB"
5904.0,6387200,8216340,1284172,2,"5070:1273304kB;5072:10868kB"
5909.0,6387200,8216340,1284172,2,"5070:1273304kB;5072:10868kB"
5914.0,7587784,8216340,94024,2,"5070:83156kB;5072:10868kB"
5919.0,7047936,8216340,628892,2,"5070:618020kB;5072:10872kB"
5924.1,6620864,8216340,1047012,2,"5070:1036140kB;5072:10872kB"
5929.1,6362784,8216340,1307244,2,"5070:1296372kB;5072:10872kB"
5934.1,5693488,8216340,1977640,2,"5070:1966768kB;5072:10872kB"
5939.1,5772200,8216340,1732664,2,"5070:1721792kB;5072:10872kB"
5944.1,5812520,8216340,1732664,2,"5070:1721792kB;5072:10872kB"
5949.1,5852840,8216340,1732664,2,"5070:1721792kB;5072:10872kB"
5954.1,5893160,8216340,1732664,2,"5070:1721792kB;5072:10872kB"
5959.1,5921304,8216340,1732664,2,"5070:1721792kB;5072:10872kB"
5964.1,5924768,8216340,1732664,2,"5070:1721792kB;5072:10872kB"
5969.1,5924768,8216340,1732664,2,"5070:1721792kB;5072:10872kB"
5974.1,5924768,8216340,1732664,2,"5070:1721792kB;5072:10872kB"
5979.1,5924768,8216340,1732664,2,"5070:1721792kB;5072:10872kB"
5984.1,5924768,8216340,1732664,2,"5070:1721792kB;5072:10872kB"
5989.1,5924768,8216340,1732664,2,"5070:1721792kB;5072:10872kB"
5994.1,5924768,8216340,1732664,2,"5070:1721792kB;5072:10872kB"
5999.1,5924768,8216340,1732664,2,"5070:1721792kB;5072:10872kB"
6004.2,5924768,8216340,1732664,2,"5070:1721792kB;5072:10872kB"
6009.2,5924768,8216340,1732664,2,"5070:1721792kB;5072:10872kB"
6014.2,5924768,8216340,1732664,2,"5070:1721792kB;5072:10872kB"
6019.2,5924768,8216340,1732664,2,"5070:1721792kB;5072:10872kB"
6024.2,5924768,8216340,1732664,2,"5070:1721792kB;5072:10872kB"
6029.2,5924768,8216340,1732664,2,"5070:1721792kB;5072:10872kB"
6034.2,5924768,8216340,1732664,2,"5070:1721792kB;5072:10872kB"
6039.2,5924768,8216340,1732664,2,"5070:1721792kB;5072:10872kB"
6044.2,5924768,8216340,1732664,2,"5070:1721792kB;5072:10872kB"
6049.2,5924768,8216340,1732664,2,"5070:1721792kB;5072:10872kB"
6054.2,5924768,8216340,1732664,2,"5070:1721792kB;5072:10872kB"
6059.2,5924768,8216340,1732664,2,"5070:1721792kB;5072:10872kB"
6064.2,5924768,8216340,1732664,2,"5070:1721792kB;5072:10872kB"
6069.2,5925020,8216340,1732668,2,"5070:1721792kB;5072:10876kB"
6074.2,5925020,8216340,1732668,2,"5070:1721792kB;5072:10876kB"
6079.3,5925020,8216340,1732668,2,"5070:1721792kB;5072:10876kB"
6084.3,5925020,8216340,1732668,2,"5070:1721792kB;5072:10876kB"
6089.3,5925020,8216340,1732668,2,"5070:1721792kB;5072:10876kB"
6094.3,5925020,8216340,1732668,2,"5070:1721792kB;5072:10876kB"
6099.3,5925020,8216340,1732668,2,"5070:1721792kB;5072:10876kB"
6104.3,5925020,8216340,1732668,2,"5070:1721792kB;5072:10876kB"
6109.3,5925020,8216340,1732668,2,"5070:1721792kB;5072:10876kB"
6114.3,5925020,8216340,1732668,2,"5070:1721792kB;5072:10876kB"
6119.3,5925020,8216340,1732668,2,"5070:1721792kB;5072:10876kB"
6124.3,5925020,8216340,1732668,2,"5070:1721792kB;5072:10876kB"
6129.3,5925020,8216340,1732668,2,"5070:1721792kB;5072:10876kB"
6134.3,5925020,8216340,1732668,2,"5070:1721792kB;5072:10876kB"
6139.3,5925020,8216340,1732668,2,"5070:1721792kB;5072:10876kB"
6144.3,5925020,8216340,1732668,2,"5070:1721792kB;5072:10876kB"
6149.3,5925024,8216340,1732668,2,"5070:1721792kB;5072:10876kB"
6154.4,5925024,8216340,1732668,2,"5070:1721792kB;5072:10876kB"
6159.4,5925024,8216340,1732668,2,"5070:1721792kB;5072:10876kB"
6164.4,5925024,8216340,1732668,2,"5070:1721792kB;5072:10876kB"
6169.4,5925024,8216340,1732668,2,"5070:1721792kB;5072:10876kB"
6174.4,5925024,8216340,1732672,2,"5070:1721792kB;5072:10880kB"
6179.4,5925024,8216340,1732672,2,"5070:1721792kB;5072:10880kB"
6184.4,5925024,8216340,1732672,2,"5070:1721792kB;5072:10880kB"
6189.4,5925024,8216340,1732672,2,"5070:1721792kB;5072:10880kB"
6194.4,5925028,8216340,1732672,2,"5070:1721792kB;5072:10880kB"
6199.4,5925028,8216340,1732672,2,"5070:1721792kB;5072:10880kB"
6204.4,5925028,8216340,1732672,2,"5070:1721792kB;5072:10880kB"
6209.4,5925028,8216340,1732672,2,"5070:1721792kB;5072:10880kB"
6214.4,5925028,8216340,1732672,2,"5070:1721792kB;5072:10880kB"
6219.4,5925028,8216340,1732672,2,"5070:1721792kB;5072:10880kB"
6224.4,5925028,8216340,1732672,2,"5070:1721792kB;5072:10880kB"
6229.4,5925028,8216340,1732672,2,"5070:1721792kB;5072:10880kB"
6234.5,5925028,8216340,1732672,2,"5070:1721792kB;5072:10880kB"
6239.5,5925028,8216340,1732672,2,"5070:1721792kB;5072:10880kB"
6244.5,5925028,8216340,1732672,2,"5070:1721792kB;5072:10880kB"
6249.5,5925028,8216340,1732672,2,"5070:1721792kB;5072:10880kB"
6254.5,5925028,8216340,1732672,2,"5070:1721792kB;5072:10880kB"
6259.5,5925028,8216340,1732672,2,"5070:1721792kB;5072:10880kB"
6264.5,5925028,8216340,1732672,2,"5070:1721792kB;5072:10880kB"
6269.5,5925028,8216340,1732672,2,"5070:1721792kB;5072:10880kB"
6274.5,5925028,8216340,1732672,2,"5070:1721792kB;5072:10880kB"
6279.5,5925028,8216340,1732672,2,"5070:1721792kB;5072:10880kB"
6284.5,5925028,8216340,1732672,2,"5070:1721792kB;5072:10880kB"
6289.5,5925028,8216340,1732672,2,"5070:1721792kB;5072:10880kB"
6294.5,5925028,8216340,1732672,2,"5070:1721792kB;5072:10880kB"
6299.5,5925028,8216340,1732676,2,"5070:1721792kB;5072:10884kB"
6304.5,5925028,8216340,1732676,2,"5070:1721792kB;5072:10884kB"
6309.5,5925028,8216340,1732676,2,"5070:1721792kB;5072:10884kB"
6314.6,5929580,8216340,1732676,2,"5070:1721792kB;5072:10884kB"
6319.6,5927360,8216340,1732676,2,"5070:1721792kB;5072:10884kB"
6324.6,5927360,8216340,1732676,2,"5070:1721792kB;5072:10884kB"
6329.6,5927360,8216340,1732676,2,"5070:1721792kB;5072:10884kB"
6334.6,5927360,8216340,1732676,2,"5070:1721792kB;5072:10884kB"
6339.6,5927360,8216340,1732676,2,"5070:1721792kB;5072:10884kB"
6344.6,5927360,8216340,1732676,2,"5070:1721792kB;5072:10884kB"
6349.6,5927360,8216340,1732676,2,"5070:1721792kB;5072:10884kB"
6354.6,5927360,8216340,1732676,2,"5070:1721792kB;5072:10884kB"
6359.6,5927360,8216340,1732676,2,"5070:1721792kB;5072:10884kB"
6364.6,5927360,8216340,1732676,2,"5070:1721792kB;5072:10884kB"
6369.6,7111572,8216340,506960,2,"5070:496076kB;5072:10884kB"
6374.6,6636048,8216340,925728,2,"5070:914844kB;5072:10884kB"
6379.7,6434764,8216340,1230092,2,"5070:1219208kB;5072:10884kB"
6384.7,5854168,8216340,1809896,2,"5070:1799012kB;5072:10884kB"
6389.7,5722020,8216340,1866724,2,"5070:1855840kB;5072:10884kB"
6394.7,5722020,8216340,1866724,2,"5070:1855840kB;5072:10884kB"
6399.7,5754216,8216340,1866724,2,"5070:1855840kB;5072:10884kB"
6404.7,5785524,8216340,1866724,2,"5070:1855840kB;5072:10884kB"
6409.7,5785536,8216340,1866724,2,"5070:1855840kB;5072:10884kB"
6414.7,5785536,8216340,1866724,2,"5070:1855840kB;5072:10884kB"
6419.7,5785536,8216340,1866724,2,"5070:1855840kB;5072:10884kB"
6424.7,5785536,8216340,1866724,2,"5070:1855840kB;5072:10884kB"
6429.7,5785536,8216340,1866728,2,"5070:1855840kB;5072:10888kB"
6434.7,5785536,8216340,1866728,2,"5070:1855840kB;5072:10888kB"
6439.7,5785536,8216340,1866728,2,"5070:1855840kB;5072:10888kB"
6444.7,5785536,8216340,1866728,2,"5070:1855840kB;5072:10888kB"
6449.8,5785536,8216340,1866728,2,"5070:1855840kB;5072:10888kB"
6454.8,5785536,8216340,1866728,2,"5070:1855840kB;5072:10888kB"
6459.8,5785536,8216340,1866728,2,"5070:1855840kB;5072:10888kB"
6464.8,5785536,8216340,1866728,2,"5070:1855840kB;5072:10888kB"
6469.8,5785536,8216340,1866728,2,"5070:1855840kB;5072:10888kB"
6474.8,5785536,8216340,1866728,2,"5070:1855840kB;5072:10888kB"
6479.8,5785540,8216340,1866728,2,"5070:1855840kB;5072:10888kB"
6484.8,5785540,8216340,1866728,2,"5070:1855840kB;5072:10888kB"
6489.8,5785540,8216340,1866728,2,"5070:1855840kB;5072:10888kB"
6494.8,5785540,8216340,1866728,2,"5070:1855840kB;5072:10888kB"
6499.8,5785540,8216340,1866728,2,"5070:1855840kB;5072:10888kB"
6504.8,5785540,8216340,1866728,2,"5070:1855840kB;5072:10888kB"
6509.8,5785540,8216340,1866728,2,"5070:1855840kB;5072:10888kB"
6514.8,5785540,8216340,1866728,2,"5070:1855840kB;5072:10888kB"
6519.8,5785540,8216340,1866728,2,"5070:1855840kB;5072:10888kB"
6524.8,5785540,8216340,1866728,2,"5070:1855840kB;5072:10888kB"
6529.9,5785540,8216340,1866728,2,"5070:1855840kB;5072:10888kB"
6534.9,5785540,8216340,1866728,2,"5070:1855840kB;5072:10888kB"
6539.9,5785540,8216340,1866728,2,"5070:1855840kB;5072:10888kB"
6544.9,5785792,8216340,1866728,2,"5070:1855840kB;5072:10888kB"
6549.9,5785792,8216340,1866728,2,"5070:1855840kB;5072:10888kB"
6554.9,5785792,8216340,1866728,2,"5070:1855840kB;5072:10888kB"
6559.9,5785792,8216340,1866728,2,"5070:1855840kB;5072:10888kB"
6564.9,5785792,8216340,1866728,2,"5070:1855840kB;5072:10888kB"
6569.9,5785792,8216340,1866728,2,"5070:1855840kB;5072:10888kB"
6574.9,5785792,8216340,1866728,2,"5070:1855840kB;5072:10888kB"
6579.9,5785792,8216340,1866732,2,"5070:1855840kB;5072:10892kB"
6584.9,5785792,8216340,1866732,2,"5070:1855840kB;5072:10892kB"
6589.9,5785792,8216340,1866732,2,"5070:1855840kB;5072:10892kB"
6594.9,5785792,8216340,1866732,2,"5070:1855840kB;5072:10892kB"
6599.9,5785792,8216340,1866732,2,"5070:1855840kB;5072:10892kB"
6605.0,5785792,8216340,1866732,2,"5070:1855840kB;5072:10892kB"
6610.0,5785792,8216340,1866732,2,"5070:1855840kB;5072:10892kB"
6615.0,5785792,8216340,1866732,2,"5070:1855840kB;5072:10892kB"
6620.0,5785792,8216340,1866732,2,"5070:1855840kB;5072:10892kB"
6625.0,5785792,8216340,1866732,2,"5070:1855840kB;5072:10892kB"
6630.0,5785792,8216340,1866732,2,"5070:1855840kB;5072:10892kB"
6635.0,5785792,8216340,1866732,2,"5070:1855840kB;5072:10892kB"
6640.0,5785792,8216340,1866732,2,"5070:1855840kB;5072:10892kB"
6645.5,5785796,8216340,1866732,2,"5070:1855840kB;5072:10892kB"
6650.5,5789696,8216340,1866732,2,"5070:1855840kB;5072:10892kB"
6655.5,5789444,8216340,1866732,2,"5070:1855840kB;5072:10892kB"
6660.5,5789444,8216340,1866732,2,"5070:1855840kB;5072:10892kB"
6665.5,5789444,8216340,1866732,2,"5070:1855840kB;5072:10892kB"
6670.5,5789444,8216340,1866732,2,"5070:1855840kB;5072:10892kB"
6675.5,5789444,8216340,1866732,2,"5070:1855840kB;5072:10892kB"
6680.5,5789444,8216340,1866732,2,"5070:1855840kB;5072:10892kB"
6685.6,5789444,8216340,1866736,2,"5070:1855840kB;5072:10896kB"
6690.6,5789444,8216340,1866736,2,"5070:1855840kB;5072:10896kB"
6695.6,5789444,8216340,1866736,2,"5070:1855840kB;5072:10896kB"
6700.6,5789444,8216340,1866736,2,"5070:1855840kB;5072:10896kB"
6705.6,5789444,8216340,1866736,2,"5070:1855840kB;5072:10896kB"
6710.6,5789444,8216340,1866736,2,"5070:1855840kB;5072:10896kB"
6715.6,5789444,8216340,1866736,2,"5070:1855840kB;5072:10896kB"
6720.6,5789444,8216340,1866736,2,"5070:1855840kB;5072:10896kB"
6725.6,5789444,8216340,1866736,2,"5070:1855840kB;5072:10896kB"
6730.6,5789444,8216340,1866736,2,"5070:1855840kB;5072:10896kB"
6735.6,5789444,8216340,1866736,2,"5070:1855840kB;5072:10896kB"
6740.6,5789444,8216340,1866736,2,"5070:1855840kB;5072:10896kB"
6745.6,5789444,8216340,1866736,2,"5070:1855840kB;5072:10896kB"
6750.6,5789444,8216340,1866736,2,"5070:1855840kB;5072:10896kB"
6755.6,5789444,8216340,1866736,2,"5070:1855840kB;5072:10896kB"
6760.6,5789444,8216340,1866736,2,"5070:1855840kB;5072:10896kB"
6765.7,5789444,8216340,1866736,2,"5070:1855840kB;5072:10896kB"
6770.7,5789444,8216340,1866736,2,"5070:1855840kB;5072:10896kB"
6775.7,5789444,8216340,1866736,2,"5070:1855840kB;5072:10896kB"
6780.7,5789444,8216340,1866736,2,"5070:1855840kB;5072:10896kB"
6785.7,5789444,8216340,1866736,2,"5070:1855840kB;5072:10896kB"
6790.7,5789444,8216340,1866736,2,"5070:1855840kB;5072:10896kB"
6795.7,5789444,8216340,1866736,2,"5070:1855840kB;5072:10896kB"
6800.7,5789448,8216340,1866736,2,"5070:1855840kB;5072:10896kB"
6805.7,5789448,8216340,1866736,2,"5070:1855840kB;5072:10896kB"
6810.7,5789448,8216340,1866740,2,"5070:1855840kB;5072:10900kB"
6815.7,5789448,8216340,1866740,2,"5070:1855840kB;5072:10900kB"
6820.7,5789448,8216340,1866740,2,"5070:1855840kB;5072:10900kB"
6825.7,5789448,8216340,1866740,2,"5070:1855840kB;5072:10900kB"
6830.7,5789448,8216340,1866740,2,"5070:1855840kB;5072:10900kB"
6835.8,5789448,8216340,1866740,2,"5070:1855840kB;5072:10900kB"
6840.8,5789448,8216340,1866740,2,"5070:1855840kB;5072:10900kB"
6845.8,5789448,8216340,1866740,2,"5070:1855840kB;5072:10900kB"
6850.8,5789448,8216340,1866740,2,"5070:1855840kB;5072:10900kB"
6855.8,5789448,8216340,1866740,2,"5070:1855840kB;5072:10900kB"
6860.8,5789448,8216340,1866740,2,"5070:1855840kB;5072:10900kB"
6865.8,5789448,8216340,1866740,2,"5070:1855840kB;5072:10900kB"
6870.8,5789448,8216340,1866740,2,"5070:1855840kB;5072:10900kB"
6875.8,5789448,8216340,1866740,2,"5070:1855840kB;5072:10900kB"
6880.8,5789448,8216340,1866740,2,"5070:1855840kB;5072:10900kB"
6885.8,5789448,8216340,1866740,2,"5070:1855840kB;5072:10900kB"
6890.8,5789880,8216340,1866740,2,"5070:1855840kB;5072:10900kB"
6895.8,5789880,8216340,1866740,2,"5070:1855840kB;5072:10900kB"
6900.8,5789880,8216340,1866740,2,"5070:1855840kB;5072:10900kB"
6905.9,5789880,8216340,1866740,2,"5070:1855840kB;5072:10900kB"
6910.9,5789880,8216340,1866740,2,"5070:1855840kB;5072:10900kB"
6915.9,5789880,8216340,1866740,2,"5070:1855840kB;5072:10900kB"
6920.9,5789880,8216340,1866740,2,"5070:1855840kB;5072:10900kB"
6925.9,5789880,8216340,1866740,2,"5070:1855840kB;5072:10900kB"
6930.9,5789880,8216340,1866740,2,"5070:1855840kB;5072:10900kB"
6935.9,7635456,8216340,10900,1,"5072:10900kB"
6940.9,7637428,8216340,10904,1,"5072:10904kB"
6945.9,7637476,8216340,10904,1,"5072:10904kB"
6950.9,7637728,8216340,10904,1,"5072:10904kB"
6955.9,7637728,8216340,10904,1,"5072:10904kB"
6960.9,7637728,8216340,10904,1,"5072:10904kB"
6965.9,7651780,8216340,10904,1,"5072:10904kB"
6970.9,7643848,8216340,10904,1,"5072:10904kB"
6975.9,7643848,8216340,10904,1,"5072:10904kB"
6981.0,7643848,8216340,10904,1,"5072:10904kB"
6986.0,7643848,8216340,10904,1,"5072:10904kB"
6991.0,7643848,8216340,10904,1,"5072:10904kB"
6996.0,7643848,8216340,10904,1,"5072:10904kB"
7001.0,7643848,8216340,10904,1,"5072:10904kB"
7006.0,7643848,8216340,10904,1,"5072:10904kB"
7011.0,7643848,8216340,10904,1,"5072:10904kB"
7016.0,7643848,8216340,10904,1,"5072:10904kB"
7021.0,7643848,8216340,10904,1,"5072:10904kB"
7026.0,7643848,8216340,10904,1,"5072:10904kB"
7031.0,7643848,8216340,10904,1,"5072:10904kB"
7036.0,7646744,8216340,10904,1,"5072:10904kB"
7041.0,7647228,8216340,10904,1,"5072:10904kB"
7046.0,7647248,8216340,10904,1,"5072:10904kB"
7051.0,7647248,8216340,10904,1,"5072:10904kB"
7056.0,7647248,8216340,10904,1,"5072:10904kB"
7061.1,7647248,8216340,10904,1,"5072:10904kB"
7066.1,7647248,8216340,10904,1,"5072:10904kB"
7071.1,7647248,8216340,10904,1,"5072:10904kB"
7076.1,7647248,8216340,10904,1,"5072:10904kB"
7081.1,7647248,8216340,10904,1,"5072:10904kB"
7086.1,7647248,8216340,10904,1,"5072:10904kB"
7091.1,7647248,8216340,10908,1,"5072:10908kB"
7096.1,7647248,8216340,10908,1,"5072:10908kB"
7101.1,7647248,8216340,10908,1,"5072:10908kB"
7106.1,7647248,8216340,10908,1,"5072:10908kB"
7111.1,7647248,8216340,10908,1,"5072:10908kB"
7116.1,7647252,8216340,10908,1,"5072:10908kB"
7121.1,7647252,8216340,10908,1,"5072:10908kB"
7126.1,7647252,8216340,10908,1,"5072:10908kB"
7131.1,7647252,8216340,10908,1,"5072:10908kB"
7136.2,7647252,8216340,10908,1,"5072:10908kB"
7141.2,7648020,8216340,10908,1,"5072:10908kB"
7146.2,7647264,8216340,10908,1,"5072:10908kB"
7151.2,7647264,8216340,10908,1,"5072:10908kB"
7156.2,7647264,8216340,10908,1,"5072:10908kB"
7161.2,7647264,8216340,10908,1,"5072:10908kB"
7166.2,7647264,8216340,10908,1,"5072:10908kB"
7171.2,7647264,8216340,10908,1,"5072:10908kB"
7176.2,7647264,8216340,10908,1,"5072:10908kB"
7181.2,7647264,8216340,10908,1,"5072:10908kB"
7186.2,7647264,8216340,10908,1,"5072:10908kB"
7191.2,7647264,8216340,10908,1,"5072:10908kB"
7196.2,7647160,8216340,10912,1,"5072:10912kB"
7201.2,7646408,8216340,10912,1,"5072:10912kB"
7206.2,7645432,8216340,10912,1,"5072:10912kB"
7211.3,7645432,8216340,10912,1,"5072:10912kB"
7216.3,7647228,8216340,10912,1,"5072:10912kB"
7221.3,7645968,8216340,10912,1,"5072:10912kB"
7226.3,7645968,8216340,10912,1,"5072:10912kB"
7231.3,7645968,8216340,10912,1,"5072:10912kB"
7236.3,7646368,8216340,10912,1,"5072:10912kB"
7241.3,7645360,8216340,10912,1,"5072:10912kB"
7246.3,7645764,8216340,10912,1,"5072:10912kB"
7251.3,7645764,8216340,10912,1,"5072:10912kB"
7256.3,7645764,8216340,10912,1,"5072:10912kB"
7261.3,7645764,8216340,10912,1,"5072:10912kB"
7266.4,7645764,8216340,10912,1,"5072:10912kB"
7271.4,7645764,8216340,10912,1,"5072:10912kB"
7276.4,7645764,8216340,10912,1,"5072:10912kB"
7281.4,7645764,8216340,10912,1,"5072:10912kB"
7286.4,7645764,8216340,10912,1,"5072:10912kB"
7291.4,7645764,8216340,10912,1,"5072:10912kB"
7296.4,7645764,8216340,10912,1,"5072:10912kB"
7301.4,7645764,8216340,10912,1,"5072:10912kB"
7306.4,7645764,8216340,10912,1,"5072:10912kB"
7311.4,7645764,8216340,10912,1,"5072:10912kB"
7316.4,7645764,8216340,10912,1,"5072:10912kB"
7321.4,7645764,8216340,10916,1,"5072:10916kB"
7326.4,7645764,8216340,10916,1,"5072:10916kB"
7331.4,7645764,8216340,10916,1,"5072:10916kB"
7336.4,7645764,8216340,10916,1,"5072:10916kB"
7341.5,7645764,8216340,10916,1,"5072:10916kB"
7346.5,7645764,8216340,10916,1,"5072:10916kB"
7351.5,7645764,8216340,10916,1,"5072:10916kB"
7356.5,7645764,8216340,10916,1,"5072:10916kB"
7361.5,7645764,8216340,10916,1,"5072:10916kB"
7366.5,7645764,8216340,10916,1,"5072:10916kB"
7371.5,7645764,8216340,10916,1,"5072:10916kB"
7376.5,7645764,8216340,10916,1,"5072:10916kB"
7381.5,7645764,8216340,10916,1,"5072:10916kB"
7386.7,7645404,8216340,10916,1,"5072:10916kB"
7391.9,7644396,8216340,10916,1,"5072:10916kB"
7396.9,7644152,8216340,10916,1,"5072:10916kB"
7401.9,7643396,8216340,10916,1,"5072:10916kB"
7406.9,7643396,8216340,10920,1,"5072:10920kB"
7411.9,7643396,8216340,10920,1,"5072:10920kB"
7416.9,7644592,8216340,10920,1,"5072:10920kB"
7421.9,7644592,8216340,10920,1,"5072:10920kB"
7427.0,7642940,8216340,10920,1,"5072:10920kB"
7432.0,7642940,8216340,10920,1,"5072:10920kB"
7437.0,7642816,8216340,10920,1,"5072:10920kB"
7442.0,7642816,8216340,10920,1,"5072:10920kB"
7447.0,7642816,8216340,10920,1,"5072:10920kB"
7452.0,7642816,8216340,10924,1,"5072:10924kB"
7457.0,7642564,8216340,10924,1,"5072:10924kB"
7462.0,7641760,8216340,10924,1,"5072:10924kB"
